ISO-10303-21;
HEADER;
FILE_DESCRIPTION(('FreeCAD Model'),'2;1');
FILE_NAME('Open CASCADE Shape Model','2026-09-27T12:24:55',('FreeCAD'),(
    'FreeCAD'),'Open CASCADE STEP processor 7.8','FreeCAD','Unknown');
FILE_SCHEMA(('AUTOMOTIVE_DESIGN { 1 0 10303 214 1 1 1 1 }'));
ENDSEC;
DATA;
#1 = APPLICATION_PROTOCOL_DEFINITION('international standard',
  'automotive_design',2000,#2);
#2 = APPLICATION_CONTEXT(
  'core data for automotive mechanical design processes');
#3 = SHAPE_DEFINITION_REPRESENTATION(#4,#10);
#4 = PRODUCT_DEFINITION_SHAPE('','',#5);
#5 = PRODUCT_DEFINITION('design','',#6,#9);
#6 = PRODUCT_DEFINITION_FORMATION('','',#7);
#7 = PRODUCT('Open CASCADE STEP translator 7.8 16',
  'Open CASCADE STEP translator 7.8 16','',(#8));
#8 = PRODUCT_CONTEXT('',#2,'mechanical');
#9 = PRODUCT_DEFINITION_CONTEXT('part definition',#2,'design');
#10 = ADVANCED_BREP_SHAPE_REPRESENTATION('',(#11,#15),#3210);
#11 = AXIS2_PLACEMENT_3D('',#12,#13,#14);
#12 = CARTESIAN_POINT('',(0.,0.,0.));
#13 = DIRECTION('',(0.,0.,1.));
#14 = DIRECTION('',(1.,0.,-0.));
#15 = MANIFOLD_SOLID_BREP('',#16);
#16 = CLOSED_SHELL('',(#17,#50,#353,#362,#397,#422,#455,#489,#508,#533,
    #558,#583,#608,#633,#658,#683,#708,#733,#758,#783,#808,#833,#858,
    #883,#908,#933,#958,#983,#1008,#1033,#1058,#1083,#1108,#1133,#1158,
    #1183,#1208,#1233,#1258,#1283,#1308,#1333,#1358,#1383,#1408,#1433,
    #1458,#1483,#1508,#1533,#1558,#1583,#1608,#1633,#1658,#1683,#1708,
    #1733,#1758,#1783,#1808,#1833,#1858,#1883,#1908,#1933,#1958,#1983,
    #2008,#2033,#2058,#2083,#2108,#2133,#2158,#2183,#2208,#2233,#2258,
    #2283,#2308,#2333,#2358,#2383,#2408,#2433,#2458,#2483,#2508,#2533,
    #2558,#2583,#2608,#2633,#2658,#2683,#2708,#2733,#2758,#2783,#2808,
    #2833,#2858,#2883,#2908,#2933,#2958,#2983,#3028,#3060,#3102,#3127,
    #3162,#3180,#3198));
#17 = ADVANCED_FACE('',(#18),#45,.T.);
#18 = FACE_BOUND('',#19,.T.);
#19 = EDGE_LOOP('',(#20,#29,#37,#44));
#20 = ORIENTED_EDGE('',*,*,#21,.T.);
#21 = EDGE_CURVE('',#22,#22,#24,.T.);
#22 = VERTEX_POINT('',#23);
#23 = CARTESIAN_POINT('',(15.,0.,189.));
#24 = CIRCLE('',#25,15.);
#25 = AXIS2_PLACEMENT_3D('',#26,#27,#28);
#26 = CARTESIAN_POINT('',(0.,0.,189.));
#27 = DIRECTION('',(0.,0.,1.));
#28 = DIRECTION('',(1.,0.,-0.));
#29 = ORIENTED_EDGE('',*,*,#30,.T.);
#30 = EDGE_CURVE('',#22,#31,#33,.T.);
#31 = VERTEX_POINT('',#32);
#32 = CARTESIAN_POINT('',(14.,0.,190.));
#33 = LINE('',#34,#35);
#34 = CARTESIAN_POINT('',(15.,0.,189.));
#35 = VECTOR('',#36,1.);
#36 = DIRECTION('',(-0.707106781187,0.,0.707106781187));
#37 = ORIENTED_EDGE('',*,*,#38,.F.);
#38 = EDGE_CURVE('',#31,#31,#39,.T.);
#39 = CIRCLE('',#40,14.);
#40 = AXIS2_PLACEMENT_3D('',#41,#42,#43);
#41 = CARTESIAN_POINT('',(0.,0.,190.));
#42 = DIRECTION('',(0.,0.,1.));
#43 = DIRECTION('',(1.,0.,-0.));
#44 = ORIENTED_EDGE('',*,*,#30,.F.);
#45 = CONICAL_SURFACE('',#46,15.,0.785398163397);
#46 = AXIS2_PLACEMENT_3D('',#47,#48,#49);
#47 = CARTESIAN_POINT('',(0.,0.,189.));
#48 = DIRECTION('',(-0.,-0.,-1.));
#49 = DIRECTION('',(1.,0.,-0.));
#50 = ADVANCED_FACE('',(#51,#149,#214,#283),#348,.T.);
#51 = FACE_BOUND('',#52,.T.);
#52 = EDGE_LOOP('',(#53,#92,#97,#98,#99,#134,#141,#148));
#53 = ORIENTED_EDGE('',*,*,#54,.T.);
#54 = EDGE_CURVE('',#55,#57,#59,.T.);
#55 = VERTEX_POINT('',#56);
#56 = CARTESIAN_POINT('',(15.,-1.469576158977E-15,162.));
#57 = VERTEX_POINT('',#58);
#58 = CARTESIAN_POINT('',(15.,-3.673940397442E-15,168.));
#59 = B_SPLINE_CURVE_WITH_KNOTS('',7,(#60,#61,#62,#63,#64,#65,#66,#67,
    #68,#69,#70,#71,#72,#73,#74,#75,#76,#77,#78,#79,#80,#81,#82,#83,#84,
    #85,#86,#87,#88,#89,#90,#91),.UNSPECIFIED.,.F.,.F.,(8,6,6,6,6,8),(0.
    ,0.151859517041,0.349248084449,0.500920208206,0.768501109718,1.),
  .UNSPECIFIED.);
#60 = CARTESIAN_POINT('',(15.,-1.33226762955E-15,162.));
#61 = CARTESIAN_POINT('',(15.,-0.247086213847,162.));
#62 = CARTESIAN_POINT('',(14.995252094147,-0.492053200834,162.0237426406
    ));
#63 = CARTESIAN_POINT('',(14.98589991392,-0.73126736129,162.07049296523)
  );
#64 = CARTESIAN_POINT('',(14.972504445397,-0.961261167935,
    162.13862030938));
#65 = CARTESIAN_POINT('',(14.955971737654,-1.178913674341,
    162.22562972692));
#66 = CARTESIAN_POINT('',(14.937403951841,-1.381626557449,
    162.32817875347));
#67 = CARTESIAN_POINT('',(14.892488194249,-1.80909031616,162.59012888171
    ));
#68 = CARTESIAN_POINT('',(14.86518483918,-2.025013951955,162.75906543435
    ));
#69 = CARTESIAN_POINT('',(14.837666982096,-2.215547688083,
    162.94395790405));
#70 = CARTESIAN_POINT('',(14.811292170231,-2.381470313968,
    163.14105345765));
#71 = CARTESIAN_POINT('',(14.787039462922,-2.523719419011,
    163.34745822045));
#72 = CARTESIAN_POINT('',(14.765613093919,-2.643197347338,
    163.56093843608));
#73 = CARTESIAN_POINT('',(14.733591367841,-2.81550790243,163.94795427935
    ));
#74 = CARTESIAN_POINT('',(14.721631855682,-2.877393888074,
    164.11935032352));
#75 = CARTESIAN_POINT('',(14.711856100106,-2.926591999054,
    164.29317222974));
#76 = CARTESIAN_POINT('',(14.704423069218,-2.96333293972,164.46873374502
    ));
#77 = CARTESIAN_POINT('',(14.699433778253,-2.987775506133,
    164.64543048574));
#78 = CARTESIAN_POINT('',(14.696938456699,-3.,164.82270289376));
#79 = CARTESIAN_POINT('',(14.696938456699,-3.,165.31278865453));
#80 = CARTESIAN_POINT('',(14.704704578193,-2.961953611191,165.6251238247
    ));
#81 = CARTESIAN_POINT('',(14.720198571543,-2.886050528637,165.9343566033
    ));
#82 = CARTESIAN_POINT('',(14.742951526285,-2.771413508676,
    166.23755645505));
#83 = CARTESIAN_POINT('',(14.772034702306,-2.616364651103,
    166.53099741175));
#84 = CARTESIAN_POINT('',(14.805744376999,-2.418684427857,
    166.80945743436));
#85 = CARTESIAN_POINT('',(14.872080124948,-1.966270037242,
    167.28620272758));
#86 = CARTESIAN_POINT('',(14.905070797965,-1.717151893229,
    167.49621276077));
#87 = CARTESIAN_POINT('',(14.937837659826,-1.429419765107,
    167.68264239451));
#88 = CARTESIAN_POINT('',(14.966924669315,-1.106763661557,
    167.83461316184));
#89 = CARTESIAN_POINT('',(14.988581927249,-0.755322092765,167.9429119719
    ));
#90 = CARTESIAN_POINT('',(15.,-0.383144494048,168.));
#91 = CARTESIAN_POINT('',(15.,-8.881784197001E-16,168.));
#92 = ORIENTED_EDGE('',*,*,#93,.T.);
#93 = EDGE_CURVE('',#57,#22,#94,.T.);
#94 = B_SPLINE_CURVE_WITH_KNOTS('',1,(#95,#96),.UNSPECIFIED.,.F.,.F.,(2,
    2),(0.,68.),.PIECEWISE_BEZIER_KNOTS.);
#95 = CARTESIAN_POINT('',(15.,-3.673940397442E-15,121.));
#96 = CARTESIAN_POINT('',(15.,-3.673940397442E-15,189.));
#97 = ORIENTED_EDGE('',*,*,#21,.F.);
#98 = ORIENTED_EDGE('',*,*,#93,.F.);
#99 = ORIENTED_EDGE('',*,*,#100,.T.);
#100 = EDGE_CURVE('',#57,#55,#101,.T.);
#101 = B_SPLINE_CURVE_WITH_KNOTS('',7,(#102,#103,#104,#105,#106,#107,
    #108,#109,#110,#111,#112,#113,#114,#115,#116,#117,#118,#119,#120,
    #121,#122,#123,#124,#125,#126,#127,#128,#129,#130,#131,#132,#133),
  .UNSPECIFIED.,.F.,.F.,(8,6,6,6,6,8),(0.,0.151859517037,0.349248084441,
    0.500920208196,0.768501109701,1.),.UNSPECIFIED.);
#102 = CARTESIAN_POINT('',(15.,1.148570609678E-15,168.));
#103 = CARTESIAN_POINT('',(15.,0.247086213847,168.));
#104 = CARTESIAN_POINT('',(14.995252094147,0.492053200834,
    167.97625735939));
#105 = CARTESIAN_POINT('',(14.98589991392,0.73126736129,167.92950703476)
  );
#106 = CARTESIAN_POINT('',(14.972504445397,0.961261167935,
    167.86137969061));
#107 = CARTESIAN_POINT('',(14.955971737654,1.178913674341,
    167.77437027307));
#108 = CARTESIAN_POINT('',(14.937403951841,1.381626557449,
    167.67182124652));
#109 = CARTESIAN_POINT('',(14.892488194249,1.80909031616,167.40987111828
    ));
#110 = CARTESIAN_POINT('',(14.86518483918,2.025013951954,167.24093456565
    ));
#111 = CARTESIAN_POINT('',(14.837666982096,2.215547688083,
    167.05604209594));
#112 = CARTESIAN_POINT('',(14.811292170231,2.381470313968,
    166.85894654234));
#113 = CARTESIAN_POINT('',(14.787039462922,2.523719419011,
    166.65254177954));
#114 = CARTESIAN_POINT('',(14.765613093919,2.643197347338,
    166.43906156391));
#115 = CARTESIAN_POINT('',(14.733591367841,2.81550790243,166.05204572064
    ));
#116 = CARTESIAN_POINT('',(14.721631855682,2.877393888074,
    165.88064967647));
#117 = CARTESIAN_POINT('',(14.711856100106,2.926591999054,
    165.70682777025));
#118 = CARTESIAN_POINT('',(14.704423069218,2.96333293972,165.53126625497
    ));
#119 = CARTESIAN_POINT('',(14.699433778253,2.987775506133,
    165.35456951425));
#120 = CARTESIAN_POINT('',(14.696938456699,3.,165.17729710623));
#121 = CARTESIAN_POINT('',(14.696938456699,3.,164.68721134546));
#122 = CARTESIAN_POINT('',(14.704704578193,2.961953611191,
    164.37487617529));
#123 = CARTESIAN_POINT('',(14.720198571543,2.886050528638,
    164.06564339669));
#124 = CARTESIAN_POINT('',(14.742951526285,2.771413508675,
    163.76244354494));
#125 = CARTESIAN_POINT('',(14.772034702306,2.616364651104,
    163.46900258824));
#126 = CARTESIAN_POINT('',(14.805744376999,2.418684427857,
    163.19054256563));
#127 = CARTESIAN_POINT('',(14.872080124951,1.966270037222,
    162.71379727239));
#128 = CARTESIAN_POINT('',(14.905070797961,1.717151893248,
    162.50378723925));
#129 = CARTESIAN_POINT('',(14.937837659825,1.429419765129,
    162.31735760548));
#130 = CARTESIAN_POINT('',(14.966924669319,1.106763661537,
    162.16538683813));
#131 = CARTESIAN_POINT('',(14.988581927247,0.755322092737,162.0570880281
    ));
#132 = CARTESIAN_POINT('',(15.,0.383144494076,162.));
#133 = CARTESIAN_POINT('',(15.,3.673940397442E-16,162.));
#134 = ORIENTED_EDGE('',*,*,#135,.F.);
#135 = EDGE_CURVE('',#136,#55,#138,.T.);
#136 = VERTEX_POINT('',#137);
#137 = CARTESIAN_POINT('',(15.,0.,121.));
#138 = B_SPLINE_CURVE_WITH_KNOTS('',1,(#139,#140),.UNSPECIFIED.,.F.,.F.,
  (2,2),(0.,68.),.PIECEWISE_BEZIER_KNOTS.);
#139 = CARTESIAN_POINT('',(15.,-3.673940397442E-15,121.));
#140 = CARTESIAN_POINT('',(15.,-3.673940397442E-15,189.));
#141 = ORIENTED_EDGE('',*,*,#142,.T.);
#142 = EDGE_CURVE('',#136,#136,#143,.T.);
#143 = CIRCLE('',#144,15.);
#144 = AXIS2_PLACEMENT_3D('',#145,#146,#147);
#145 = CARTESIAN_POINT('',(0.,0.,121.));
#146 = DIRECTION('',(0.,0.,1.));
#147 = DIRECTION('',(1.,0.,-0.));
#148 = ORIENTED_EDGE('',*,*,#135,.T.);
#149 = FACE_BOUND('',#150,.T.);
#150 = EDGE_LOOP('',(#151));
#151 = ORIENTED_EDGE('',*,*,#152,.T.);
#152 = EDGE_CURVE('',#153,#153,#155,.T.);
#153 = VERTEX_POINT('',#154);
#154 = CARTESIAN_POINT('',(-3.,14.696938456699,165.));
#155 = B_SPLINE_CURVE_WITH_KNOTS('',8,(#156,#157,#158,#159,#160,#161,
    #162,#163,#164,#165,#166,#167,#168,#169,#170,#171,#172,#173,#174,
    #175,#176,#177,#178,#179,#180,#181,#182,#183,#184,#185,#186,#187,
    #188,#189,#190,#191,#192,#193,#194,#195,#196,#197,#198,#199,#200,
    #201,#202,#203,#204,#205,#206,#207,#208,#209,#210,#211,#212,#213),
  .UNSPECIFIED.,.T.,.F.,(9,7,7,7,7,7,7,7,9),(0.,0.106692320501,
    0.210723622203,0.310817302341,0.431805775249,0.55706493671,
    0.671890619635,0.81573380826,1.),.UNSPECIFIED.);
#156 = CARTESIAN_POINT('',(-3.,14.696938456699,165.));
#157 = CARTESIAN_POINT('',(-3.,14.696938456699,164.76435894284));
#158 = CARTESIAN_POINT('',(-2.978846826105,14.701256053649,
    164.52874374099));
#159 = CARTESIAN_POINT('',(-2.936549356699,14.709890678082,
    164.29536280896));
#160 = CARTESIAN_POINT('',(-2.873388952809,14.722605318632,
    164.06640652856));
#161 = CARTESIAN_POINT('',(-2.789912575913,14.738934185394,
    163.8440270394));
#162 = CARTESIAN_POINT('',(-2.68693141577,14.758214219972,
    163.63030987081));
#163 = CARTESIAN_POINT('',(-2.56552502824,14.779640452202,
    163.42723741527));
#164 = CARTESIAN_POINT('',(-2.292030626481,14.824483674512,
    163.05080466534));
#165 = CARTESIAN_POINT('',(-2.136861555813,14.848480367028,
    162.87143136286));
#166 = CARTESIAN_POINT('',(-1.961012174968,14.873676567131,
    162.70124005638));
#167 = CARTESIAN_POINT('',(-1.764247792997,14.899183811853,
    162.54319873107));
#168 = CARTESIAN_POINT('',(-1.546660850024,14.92389560661,
    162.40054238858));
#169 = CARTESIAN_POINT('',(-1.308731781979,14.946516225726,
    162.27680832852));
#170 = CARTESIAN_POINT('',(-1.051441584369,14.965636979424,
    162.17590438219));
#171 = CARTESIAN_POINT('',(-0.511880944901,14.993604187408,
    162.03132954457));
#172 = CARTESIAN_POINT('',(-0.234037610762,15.002650090474,
    161.98647137014));
#173 = CARTESIAN_POINT('',(5.113258665136E-02,15.005804586918,
    161.97153715295));
#174 = CARTESIAN_POINT('',(0.337082083875,15.002399889996,
    161.98814971292));
#175 = CARTESIAN_POINT('',(0.617094536033,14.992636521383,
    162.03576157953));
#176 = CARTESIAN_POINT('',(0.884785244561,14.977557095337,162.1116919196
    ));
#177 = CARTESIAN_POINT('',(1.134565333807,14.958773510999,
    162.21111119878));
#178 = CARTESIAN_POINT('',(1.636849240201,14.91297791979,162.46703763196
    ));
#179 = CARTESIAN_POINT('',(1.883645735294,14.884647403302,
    162.63347761457));
#180 = CARTESIAN_POINT('',(2.10226146656,14.855103588132,162.82023457426
    ));
#181 = CARTESIAN_POINT('',(2.293298991377,14.826067125018,
    163.02258510336));
#182 = CARTESIAN_POINT('',(2.457692468301,14.798844638471,
    163.23682447412));
#183 = CARTESIAN_POINT('',(2.596464701408,14.774379625963,
    163.46004401332));
#184 = CARTESIAN_POINT('',(2.710565016123,14.753347511295,
    163.68997895376));
#185 = CARTESIAN_POINT('',(2.894100612508,14.718465016766,
    164.16810552889));
#186 = CARTESIAN_POINT('',(2.961878935256,14.704882825987,
    164.41681670556));
#187 = CARTESIAN_POINT('',(3.004804998119,14.695991776857,
    164.66902814507));
#188 = CARTESIAN_POINT('',(3.02333277263,14.692093718681,164.92306886282
    ));
#189 = CARTESIAN_POINT('',(3.017650104143,14.693304798826,
    165.17743800892));
#190 = CARTESIAN_POINT('',(2.987679157796,14.6995725864,165.4306612078)
  );
#191 = CARTESIAN_POINT('',(2.933067611405,14.7106674805,165.68115003145)
  );
#192 = CARTESIAN_POINT('',(2.779926606124,14.740338326157,
    166.15246958227));
#193 = CARTESIAN_POINT('',(2.685461929472,14.758208669178,
    166.37394749859));
#194 = CARTESIAN_POINT('',(2.569255391,14.779423614741,166.59020479667)
  );
#195 = CARTESIAN_POINT('',(2.430562433557,14.803498576059,
    166.79959098217));
#196 = CARTESIAN_POINT('',(2.268502338881,14.829759961387,
    166.99998830504));
#197 = CARTESIAN_POINT('',(2.082167306389,14.857273883839,
    167.18868373765));
#198 = CARTESIAN_POINT('',(1.870778735584,14.884789687129,
    167.36219196242));
#199 = CARTESIAN_POINT('',(1.337198362934,14.943259341117,167.708703108)
  );
#200 = CARTESIAN_POINT('',(0.987913773967,14.97470458157,167.87867632259
    ));
#201 = CARTESIAN_POINT('',(0.596599925527,14.999752334537,
    168.00122749816));
#202 = CARTESIAN_POINT('',(0.17927241427,15.012848141997,168.06100519642
    ));
#203 = CARTESIAN_POINT('',(-0.244200083254,15.010518382299,
    168.05153276964));
#204 = CARTESIAN_POINT('',(-0.65352715128,14.99415962309,167.97484142893
    ));
#205 = CARTESIAN_POINT('',(-1.030561692101,14.968256013224,
    167.8418813035));
#206 = CARTESIAN_POINT('',(-1.786514528657,14.899332230009,
    167.45670409466));
#207 = CARTESIAN_POINT('',(-2.145823761194,14.852667601448,
    167.17656054469));
#208 = CARTESIAN_POINT('',(-2.438889264955,14.805478009816,
    166.85387836759));
#209 = CARTESIAN_POINT('',(-2.668093080638,14.763540015434,
    166.50287103048));
#210 = CARTESIAN_POINT('',(-2.83618794702,14.730373239301,166.1343497222
    ));
#211 = CARTESIAN_POINT('',(-2.946021037322,14.707957550292,
    165.75657607728));
#212 = CARTESIAN_POINT('',(-3.,14.696938456699,165.37642611724));
#213 = CARTESIAN_POINT('',(-3.,14.696938456699,165.));
#214 = FACE_BOUND('',#215,.T.);
#215 = EDGE_LOOP('',(#216));
#216 = ORIENTED_EDGE('',*,*,#217,.F.);
#217 = EDGE_CURVE('',#218,#218,#220,.T.);
#218 = VERTEX_POINT('',#219);
#219 = CARTESIAN_POINT('',(-15.,7.347880794884E-16,162.));
#220 = B_SPLINE_CURVE_WITH_KNOTS('',7,(#221,#222,#223,#224,#225,#226,
    #227,#228,#229,#230,#231,#232,#233,#234,#235,#236,#237,#238,#239,
    #240,#241,#242,#243,#244,#245,#246,#247,#248,#249,#250,#251,#252,
    #253,#254,#255,#256,#257,#258,#259,#260,#261,#262,#263,#264,#265,
    #266,#267,#268,#269,#270,#271,#272,#273,#274,#275,#276,#277,#278,
    #279,#280,#281,#282),.UNSPECIFIED.,.T.,.F.,(8,6,6,6,6,6,6,6,6,6,8),(
    0.,7.563288154992E-02,0.173941281504,0.249480832756,0.382748177624,
    0.478160894609,0.57471159473,0.673689382891,0.749743287796,
    0.883918058572,1.),.UNSPECIFIED.);
#221 = CARTESIAN_POINT('',(-15.,1.33226762955E-15,162.));
#222 = CARTESIAN_POINT('',(-15.,-0.247086213847,162.));
#223 = CARTESIAN_POINT('',(-14.99525209414,-0.492053200834,
    162.0237426406));
#224 = CARTESIAN_POINT('',(-14.98589991392,-0.73126736129,
    162.07049296523));
#225 = CARTESIAN_POINT('',(-14.97250444539,-0.961261167935,
    162.13862030938));
#226 = CARTESIAN_POINT('',(-14.95597173765,-1.178913674341,
    162.22562972692));
#227 = CARTESIAN_POINT('',(-14.93740395184,-1.381626557449,
    162.32817875347));
#228 = CARTESIAN_POINT('',(-14.89248819424,-1.80909031616,
    162.59012888171));
#229 = CARTESIAN_POINT('',(-14.86518483918,-2.025013951955,
    162.75906543435));
#230 = CARTESIAN_POINT('',(-14.83766698209,-2.215547688083,
    162.94395790405));
#231 = CARTESIAN_POINT('',(-14.81129217023,-2.381470313968,
    163.14105345765));
#232 = CARTESIAN_POINT('',(-14.78703946292,-2.523719419011,
    163.34745822045));
#233 = CARTESIAN_POINT('',(-14.76561309391,-2.643197347338,
    163.56093843608));
#234 = CARTESIAN_POINT('',(-14.73359136784,-2.81550790243,
    163.94795427935));
#235 = CARTESIAN_POINT('',(-14.72163185568,-2.877393888074,
    164.11935032352));
#236 = CARTESIAN_POINT('',(-14.7118561001,-2.926591999054,
    164.29317222974));
#237 = CARTESIAN_POINT('',(-14.70442306921,-2.96333293972,
    164.46873374502));
#238 = CARTESIAN_POINT('',(-14.69943377825,-2.987775506133,
    164.64543048574));
#239 = CARTESIAN_POINT('',(-14.69693845669,-3.,164.82270289376));
#240 = CARTESIAN_POINT('',(-14.69693845669,-3.,165.31278865453));
#241 = CARTESIAN_POINT('',(-14.70470457819,-2.961953611191,
    165.6251238247));
#242 = CARTESIAN_POINT('',(-14.72019857154,-2.886050528638,
    165.9343566033));
#243 = CARTESIAN_POINT('',(-14.74295152628,-2.771413508675,
    166.23755645505));
#244 = CARTESIAN_POINT('',(-14.7720347023,-2.616364651104,
    166.53099741175));
#245 = CARTESIAN_POINT('',(-14.80574437699,-2.418684427857,
    166.80945743436));
#246 = CARTESIAN_POINT('',(-14.8667735259,-2.002461409901,
    167.24806497836));
#247 = CARTESIAN_POINT('',(-14.89347981999,-1.803805235362,
    167.42144731954));
#248 = CARTESIAN_POINT('',(-14.92018771333,-1.580189222344,
    167.57992269244));
#249 = CARTESIAN_POINT('',(-14.94526299139,-1.332610125674,
    167.71831727186));
#250 = CARTESIAN_POINT('',(-14.9668477594,-1.062932730336,
    167.83159479055));
#251 = CARTESIAN_POINT('',(-14.98312188079,-0.773907989897,
    167.91482039352));
#252 = CARTESIAN_POINT('',(-15.00230520025,-0.161065795192,
    168.01188506153));
#253 = CARTESIAN_POINT('',(-15.00480414016,0.155204137154,
    168.02363020328));
#254 = CARTESIAN_POINT('',(-14.99921927063,0.471094202197,
    167.99602162853));
#255 = CARTESIAN_POINT('',(-14.98575393398,0.777782256205,
    167.93005439504));
#256 = CARTESIAN_POINT('',(-14.96607284101,1.066985874941,
    167.82978953352));
#257 = CARTESIAN_POINT('',(-14.94263681461,1.331825344928,167.7023394688
    ));
#258 = CARTESIAN_POINT('',(-14.89248819424,1.80909031616,167.40987111828
    ));
#259 = CARTESIAN_POINT('',(-14.86518483918,2.025013951955,
    167.24093456564));
#260 = CARTESIAN_POINT('',(-14.83766698209,2.215547688082,
    167.05604209594));
#261 = CARTESIAN_POINT('',(-14.81129217023,2.381470313969,
    166.85894654234));
#262 = CARTESIAN_POINT('',(-14.78703946292,2.523719419011,
    166.65254177954));
#263 = CARTESIAN_POINT('',(-14.76561309391,2.643197347338,
    166.43906156391));
#264 = CARTESIAN_POINT('',(-14.73359136784,2.81550790243,166.05204572064
    ));
#265 = CARTESIAN_POINT('',(-14.72163185568,2.877393888074,
    165.88064967647));
#266 = CARTESIAN_POINT('',(-14.7118561001,2.926591999054,165.70682777025
    ));
#267 = CARTESIAN_POINT('',(-14.70442306921,2.96333293972,165.53126625497
    ));
#268 = CARTESIAN_POINT('',(-14.69943377825,2.987775506133,
    165.35456951425));
#269 = CARTESIAN_POINT('',(-14.69693845669,3.,165.17729710623));
#270 = CARTESIAN_POINT('',(-14.69693845669,3.,164.68721134546));
#271 = CARTESIAN_POINT('',(-14.70470457819,2.961953611191,
    164.37487617529));
#272 = CARTESIAN_POINT('',(-14.72019857154,2.886050528637,
    164.06564339669));
#273 = CARTESIAN_POINT('',(-14.74295152628,2.771413508676,
    163.76244354494));
#274 = CARTESIAN_POINT('',(-14.7720347023,2.616364651103,163.46900258824
    ));
#275 = CARTESIAN_POINT('',(-14.80574437699,2.418684427857,
    163.19054256563));
#276 = CARTESIAN_POINT('',(-14.87208012494,1.966270037254,
    162.71379727243));
#277 = CARTESIAN_POINT('',(-14.90507079796,1.717151893217,162.5037872392
    ));
#278 = CARTESIAN_POINT('',(-14.93783765982,1.429419765093,
    162.31735760549));
#279 = CARTESIAN_POINT('',(-14.96692466931,1.10676366157,162.16538683816
    ));
#280 = CARTESIAN_POINT('',(-14.98858192725,0.755322092782,
    162.05708802809));
#281 = CARTESIAN_POINT('',(-15.,0.383144494031,162.));
#282 = CARTESIAN_POINT('',(-15.,1.33226762955E-15,162.));
#283 = FACE_BOUND('',#284,.T.);
#284 = EDGE_LOOP('',(#285));
#285 = ORIENTED_EDGE('',*,*,#286,.F.);
#286 = EDGE_CURVE('',#287,#287,#289,.T.);
#287 = VERTEX_POINT('',#288);
#288 = CARTESIAN_POINT('',(-3.,-14.69693845669,165.));
#289 = B_SPLINE_CURVE_WITH_KNOTS('',8,(#290,#291,#292,#293,#294,#295,
    #296,#297,#298,#299,#300,#301,#302,#303,#304,#305,#306,#307,#308,
    #309,#310,#311,#312,#313,#314,#315,#316,#317,#318,#319,#320,#321,
    #322,#323,#324,#325,#326,#327,#328,#329,#330,#331,#332,#333,#334,
    #335,#336,#337,#338,#339,#340,#341,#342,#343,#344,#345,#346,#347),
  .UNSPECIFIED.,.T.,.F.,(9,7,7,7,7,7,7,7,9),(0.,0.106692320366,
    0.210723621937,0.310817301948,0.431805774703,0.557064936005,
    0.671890618785,0.815733807227,1.),.UNSPECIFIED.);
#290 = CARTESIAN_POINT('',(-3.,-14.69693845669,165.));
#291 = CARTESIAN_POINT('',(-3.,-14.69693845669,164.76435894284));
#292 = CARTESIAN_POINT('',(-2.978846826105,-14.70125605364,
    164.52874374099));
#293 = CARTESIAN_POINT('',(-2.936549356699,-14.70989067808,
    164.29536280896));
#294 = CARTESIAN_POINT('',(-2.873388952809,-14.72260531863,
    164.06640652856));
#295 = CARTESIAN_POINT('',(-2.789912575914,-14.73893418539,
    163.8440270394));
#296 = CARTESIAN_POINT('',(-2.68693141577,-14.75821421997,
    163.63030987081));
#297 = CARTESIAN_POINT('',(-2.56552502824,-14.7796404522,163.42723741527
    ));
#298 = CARTESIAN_POINT('',(-2.292030626481,-14.82448367451,
    163.05080466534));
#299 = CARTESIAN_POINT('',(-2.136861555813,-14.84848036702,
    162.87143136286));
#300 = CARTESIAN_POINT('',(-1.961012174969,-14.87367656713,
    162.70124005638));
#301 = CARTESIAN_POINT('',(-1.764247792997,-14.89918381185,
    162.54319873107));
#302 = CARTESIAN_POINT('',(-1.546660850023,-14.92389560661,
    162.40054238858));
#303 = CARTESIAN_POINT('',(-1.308731781979,-14.94651622572,
    162.27680832852));
#304 = CARTESIAN_POINT('',(-1.051441584369,-14.96563697942,
    162.17590438219));
#305 = CARTESIAN_POINT('',(-0.511880944901,-14.9936041874,
    162.03132954457));
#306 = CARTESIAN_POINT('',(-0.234037610762,-15.00265009047,
    161.98647137014));
#307 = CARTESIAN_POINT('',(5.113258665145E-02,-15.00580458691,
    161.97153715295));
#308 = CARTESIAN_POINT('',(0.337082083875,-15.00239988999,
    161.98814971292));
#309 = CARTESIAN_POINT('',(0.617094536032,-14.99263652138,
    162.03576157953));
#310 = CARTESIAN_POINT('',(0.884785244561,-14.97755709533,162.1116919196
    ));
#311 = CARTESIAN_POINT('',(1.134565333807,-14.95877351099,
    162.21111119878));
#312 = CARTESIAN_POINT('',(1.636849240201,-14.91297791979,
    162.46703763196));
#313 = CARTESIAN_POINT('',(1.883645735294,-14.8846474033,162.63347761457
    ));
#314 = CARTESIAN_POINT('',(2.10226146656,-14.85510358813,162.82023457426
    ));
#315 = CARTESIAN_POINT('',(2.293298991377,-14.82606712501,
    163.02258510336));
#316 = CARTESIAN_POINT('',(2.457692468301,-14.79884463847,
    163.23682447412));
#317 = CARTESIAN_POINT('',(2.596464701408,-14.77437962596,
    163.46004401332));
#318 = CARTESIAN_POINT('',(2.710565016123,-14.75334751129,
    163.68997895376));
#319 = CARTESIAN_POINT('',(2.894100612508,-14.71846501676,
    164.16810552889));
#320 = CARTESIAN_POINT('',(2.961878935256,-14.70488282598,
    164.41681670556));
#321 = CARTESIAN_POINT('',(3.004804998119,-14.69599177685,
    164.66902814507));
#322 = CARTESIAN_POINT('',(3.02333277263,-14.69209371868,164.92306886282
    ));
#323 = CARTESIAN_POINT('',(3.017650104143,-14.69330479882,
    165.17743800892));
#324 = CARTESIAN_POINT('',(2.987679157796,-14.6995725864,165.4306612078)
  );
#325 = CARTESIAN_POINT('',(2.933067611405,-14.7106674805,165.68115003145
    ));
#326 = CARTESIAN_POINT('',(2.779926606124,-14.74033832615,
    166.15246958227));
#327 = CARTESIAN_POINT('',(2.685461929472,-14.75820866917,
    166.37394749859));
#328 = CARTESIAN_POINT('',(2.569255391,-14.77942361474,166.59020479667)
  );
#329 = CARTESIAN_POINT('',(2.430562433557,-14.80349857605,
    166.79959098217));
#330 = CARTESIAN_POINT('',(2.268502338881,-14.82975996138,
    166.99998830504));
#331 = CARTESIAN_POINT('',(2.082167306389,-14.85727388383,
    167.18868373765));
#332 = CARTESIAN_POINT('',(1.870778735584,-14.88478968712,
    167.36219196242));
#333 = CARTESIAN_POINT('',(1.337198362936,-14.94325934111,167.708703108)
  );
#334 = CARTESIAN_POINT('',(0.987913773963,-14.97470458157,
    167.87867632259));
#335 = CARTESIAN_POINT('',(0.59659992553,-14.99975233453,168.00122749816
    ));
#336 = CARTESIAN_POINT('',(0.179272414271,-15.01284814199,
    168.06100519642));
#337 = CARTESIAN_POINT('',(-0.244200083259,-15.01051838229,
    168.05153276964));
#338 = CARTESIAN_POINT('',(-0.653527151276,-14.99415962309,
    167.97484142894));
#339 = CARTESIAN_POINT('',(-1.030561692102,-14.96825601322,
    167.8418813035));
#340 = CARTESIAN_POINT('',(-1.786514531574,-14.89933222974,
    167.45670409317));
#341 = CARTESIAN_POINT('',(-2.145823750269,-14.85266760253,
    167.17656055291));
#342 = CARTESIAN_POINT('',(-2.438889284418,-14.80547800773,
    166.8538783475));
#343 = CARTESIAN_POINT('',(-2.668093061083,-14.76354001762,
    166.50287105822));
#344 = CARTESIAN_POINT('',(-2.836187958001,-14.73037323802,
    166.13434969929));
#345 = CARTESIAN_POINT('',(-2.946021034507,-14.70795755062,
    165.75657608824));
#346 = CARTESIAN_POINT('',(-3.,-14.69693845669,165.37642611474));
#347 = CARTESIAN_POINT('',(-3.,-14.69693845669,165.));
#348 = CYLINDRICAL_SURFACE('',#349,15.);
#349 = AXIS2_PLACEMENT_3D('',#350,#351,#352);
#350 = CARTESIAN_POINT('',(0.,0.,121.));
#351 = DIRECTION('',(0.,0.,1.));
#352 = DIRECTION('',(1.,0.,-0.));
#353 = ADVANCED_FACE('',(#354),#357,.T.);
#354 = FACE_BOUND('',#355,.T.);
#355 = EDGE_LOOP('',(#356));
#356 = ORIENTED_EDGE('',*,*,#38,.T.);
#357 = PLANE('',#358);
#358 = AXIS2_PLACEMENT_3D('',#359,#360,#361);
#359 = CARTESIAN_POINT('',(0.,0.,190.));
#360 = DIRECTION('',(0.,0.,1.));
#361 = DIRECTION('',(1.,0.,-0.));
#362 = ADVANCED_FACE('',(#363),#392,.F.);
#363 = FACE_BOUND('',#364,.F.);
#364 = EDGE_LOOP('',(#365,#376,#382,#383,#384,#385));
#365 = ORIENTED_EDGE('',*,*,#366,.F.);
#366 = EDGE_CURVE('',#367,#369,#371,.T.);
#367 = VERTEX_POINT('',#368);
#368 = CARTESIAN_POINT('',(0.,7.347880794884E-16,162.));
#369 = VERTEX_POINT('',#370);
#370 = CARTESIAN_POINT('',(1.960053859272E-15,-3.673940397442E-16,168.)
  );
#371 = ELLIPSE('',#372,4.242640687119,3.);
#372 = AXIS2_PLACEMENT_3D('',#373,#374,#375);
#373 = CARTESIAN_POINT('',(1.7763568394E-15,0.,165.));
#374 = DIRECTION('',(-0.707106781187,-0.707106781187,-0.));
#375 = DIRECTION('',(-0.707106781187,0.707106781187,0.));
#376 = ORIENTED_EDGE('',*,*,#377,.F.);
#377 = EDGE_CURVE('',#55,#367,#378,.T.);
#378 = LINE('',#379,#380);
#379 = CARTESIAN_POINT('',(16.,7.347880794884E-16,162.));
#380 = VECTOR('',#381,1.);
#381 = DIRECTION('',(-1.,0.,-0.));
#382 = ORIENTED_EDGE('',*,*,#54,.T.);
#383 = ORIENTED_EDGE('',*,*,#100,.T.);
#384 = ORIENTED_EDGE('',*,*,#377,.T.);
#385 = ORIENTED_EDGE('',*,*,#386,.F.);
#386 = EDGE_CURVE('',#369,#367,#387,.T.);
#387 = ELLIPSE('',#388,4.242640687119,3.);
#388 = AXIS2_PLACEMENT_3D('',#389,#390,#391);
#389 = CARTESIAN_POINT('',(1.7763568394E-15,0.,165.));
#390 = DIRECTION('',(-0.707106781187,0.707106781187,0.));
#391 = DIRECTION('',(-0.707106781187,-0.707106781187,-0.));
#392 = CYLINDRICAL_SURFACE('',#393,3.);
#393 = AXIS2_PLACEMENT_3D('',#394,#395,#396);
#394 = CARTESIAN_POINT('',(16.,0.,165.));
#395 = DIRECTION('',(-1.,-0.,-0.));
#396 = DIRECTION('',(0.,0.,-1.));
#397 = ADVANCED_FACE('',(#398),#417,.T.);
#398 = FACE_BOUND('',#399,.T.);
#399 = EDGE_LOOP('',(#400,#409,#415,#416));
#400 = ORIENTED_EDGE('',*,*,#401,.T.);
#401 = EDGE_CURVE('',#402,#402,#404,.T.);
#402 = VERTEX_POINT('',#403);
#403 = CARTESIAN_POINT('',(15.001204543795,0.,120.95093232567));
#404 = CIRCLE('',#405,15.001204543795);
#405 = AXIS2_PLACEMENT_3D('',#406,#407,#408);
#406 = CARTESIAN_POINT('',(0.,0.,120.95093232567));
#407 = DIRECTION('',(0.,0.,1.));
#408 = DIRECTION('',(1.,0.,-0.));
#409 = ORIENTED_EDGE('',*,*,#410,.T.);
#410 = EDGE_CURVE('',#402,#136,#411,.T.);
#411 = LINE('',#412,#413);
#412 = CARTESIAN_POINT('',(15.001204543795,0.,120.95093232567));
#413 = VECTOR('',#414,1.);
#414 = DIRECTION('',(-2.454122852291E-02,0.,0.999698818696));
#415 = ORIENTED_EDGE('',*,*,#142,.F.);
#416 = ORIENTED_EDGE('',*,*,#410,.F.);
#417 = CONICAL_SURFACE('',#418,15.001204543795,2.454369260617E-02);
#418 = AXIS2_PLACEMENT_3D('',#419,#420,#421);
#419 = CARTESIAN_POINT('',(0.,0.,120.95093232567));
#420 = DIRECTION('',(-0.,-0.,-1.));
#421 = DIRECTION('',(1.,0.,-0.));
#422 = ADVANCED_FACE('',(#423),#450,.F.);
#423 = FACE_BOUND('',#424,.F.);
#424 = EDGE_LOOP('',(#425,#434,#440,#441,#442,#449));
#425 = ORIENTED_EDGE('',*,*,#426,.F.);
#426 = EDGE_CURVE('',#427,#367,#429,.T.);
#427 = VERTEX_POINT('',#428);
#428 = CARTESIAN_POINT('',(-3.,3.,165.));
#429 = ELLIPSE('',#430,4.242640687119,3.);
#430 = AXIS2_PLACEMENT_3D('',#431,#432,#433);
#431 = CARTESIAN_POINT('',(1.7763568394E-15,0.,165.));
#432 = DIRECTION('',(-0.707106781187,-0.707106781187,-0.));
#433 = DIRECTION('',(-0.707106781187,0.707106781187,0.));
#434 = ORIENTED_EDGE('',*,*,#435,.F.);
#435 = EDGE_CURVE('',#153,#427,#436,.T.);
#436 = LINE('',#437,#438);
#437 = CARTESIAN_POINT('',(-3.,16.,165.));
#438 = VECTOR('',#439,1.);
#439 = DIRECTION('',(-6.123233995737E-17,-1.,0.));
#440 = ORIENTED_EDGE('',*,*,#152,.T.);
#441 = ORIENTED_EDGE('',*,*,#435,.T.);
#442 = ORIENTED_EDGE('',*,*,#443,.F.);
#443 = EDGE_CURVE('',#369,#427,#444,.T.);
#444 = ELLIPSE('',#445,4.242640687119,3.);
#445 = AXIS2_PLACEMENT_3D('',#446,#447,#448);
#446 = CARTESIAN_POINT('',(1.7763568394E-15,0.,165.));
#447 = DIRECTION('',(-0.707106781187,-0.707106781187,-0.));
#448 = DIRECTION('',(-0.707106781187,0.707106781187,0.));
#449 = ORIENTED_EDGE('',*,*,#386,.T.);
#450 = CYLINDRICAL_SURFACE('',#451,3.);
#451 = AXIS2_PLACEMENT_3D('',#452,#453,#454);
#452 = CARTESIAN_POINT('',(9.797174393179E-16,16.,165.));
#453 = DIRECTION('',(-6.123233995737E-17,-1.,-0.));
#454 = DIRECTION('',(-1.,6.123233995737E-17,0.));
#455 = ADVANCED_FACE('',(#456),#484,.F.);
#456 = FACE_BOUND('',#457,.F.);
#457 = EDGE_LOOP('',(#458,#464,#465,#466,#475,#482,#483));
#458 = ORIENTED_EDGE('',*,*,#459,.T.);
#459 = EDGE_CURVE('',#367,#218,#460,.T.);
#460 = LINE('',#461,#462);
#461 = CARTESIAN_POINT('',(16.,7.347880794884E-16,162.));
#462 = VECTOR('',#463,1.);
#463 = DIRECTION('',(-1.,0.,-0.));
#464 = ORIENTED_EDGE('',*,*,#217,.F.);
#465 = ORIENTED_EDGE('',*,*,#459,.F.);
#466 = ORIENTED_EDGE('',*,*,#467,.T.);
#467 = EDGE_CURVE('',#367,#468,#470,.T.);
#468 = VERTEX_POINT('',#469);
#469 = CARTESIAN_POINT('',(-3.,-3.,165.));
#470 = ELLIPSE('',#471,4.242640687119,3.);
#471 = AXIS2_PLACEMENT_3D('',#472,#473,#474);
#472 = CARTESIAN_POINT('',(1.7763568394E-15,0.,165.));
#473 = DIRECTION('',(-0.707106781187,0.707106781187,0.));
#474 = DIRECTION('',(-0.707106781187,-0.707106781187,-0.));
#475 = ORIENTED_EDGE('',*,*,#476,.T.);
#476 = EDGE_CURVE('',#468,#369,#477,.T.);
#477 = ELLIPSE('',#478,4.242640687119,3.);
#478 = AXIS2_PLACEMENT_3D('',#479,#480,#481);
#479 = CARTESIAN_POINT('',(1.7763568394E-15,0.,165.));
#480 = DIRECTION('',(-0.707106781187,0.707106781187,0.));
#481 = DIRECTION('',(-0.707106781187,-0.707106781187,-0.));
#482 = ORIENTED_EDGE('',*,*,#443,.T.);
#483 = ORIENTED_EDGE('',*,*,#426,.T.);
#484 = CYLINDRICAL_SURFACE('',#485,3.);
#485 = AXIS2_PLACEMENT_3D('',#486,#487,#488);
#486 = CARTESIAN_POINT('',(16.,0.,165.));
#487 = DIRECTION('',(-1.,-0.,-0.));
#488 = DIRECTION('',(0.,0.,-1.));
#489 = ADVANCED_FACE('',(#490),#503,.F.);
#490 = FACE_BOUND('',#491,.F.);
#491 = EDGE_LOOP('',(#492,#493,#499,#500,#501,#502));
#492 = ORIENTED_EDGE('',*,*,#286,.F.);
#493 = ORIENTED_EDGE('',*,*,#494,.F.);
#494 = EDGE_CURVE('',#468,#287,#495,.T.);
#495 = LINE('',#496,#497);
#496 = CARTESIAN_POINT('',(-3.,16.,165.));
#497 = VECTOR('',#498,1.);
#498 = DIRECTION('',(-6.123233995737E-17,-1.,0.));
#499 = ORIENTED_EDGE('',*,*,#467,.F.);
#500 = ORIENTED_EDGE('',*,*,#366,.T.);
#501 = ORIENTED_EDGE('',*,*,#476,.F.);
#502 = ORIENTED_EDGE('',*,*,#494,.T.);
#503 = CYLINDRICAL_SURFACE('',#504,3.);
#504 = AXIS2_PLACEMENT_3D('',#505,#506,#507);
#505 = CARTESIAN_POINT('',(9.797174393179E-16,16.,165.));
#506 = DIRECTION('',(-6.123233995737E-17,-1.,-0.));
#507 = DIRECTION('',(-1.,6.123233995737E-17,0.));
#508 = ADVANCED_FACE('',(#509),#528,.T.);
#509 = FACE_BOUND('',#510,.T.);
#510 = EDGE_LOOP('',(#511,#520,#526,#527));
#511 = ORIENTED_EDGE('',*,*,#512,.T.);
#512 = EDGE_CURVE('',#513,#513,#515,.T.);
#513 = VERTEX_POINT('',#514);
#514 = CARTESIAN_POINT('',(15.004815273328,0.,120.90198285967));
#515 = CIRCLE('',#516,15.004815273328);
#516 = AXIS2_PLACEMENT_3D('',#517,#518,#519);
#517 = CARTESIAN_POINT('',(0.,0.,120.90198285967));
#518 = DIRECTION('',(0.,0.,1.));
#519 = DIRECTION('',(1.,0.,-0.));
#520 = ORIENTED_EDGE('',*,*,#521,.T.);
#521 = EDGE_CURVE('',#513,#402,#522,.T.);
#522 = LINE('',#523,#524);
#523 = CARTESIAN_POINT('',(15.004815273328,0.,120.90198285967));
#524 = VECTOR('',#525,1.);
#525 = DIRECTION('',(-7.356456359969E-02,0.,0.997290456679));
#526 = ORIENTED_EDGE('',*,*,#401,.F.);
#527 = ORIENTED_EDGE('',*,*,#521,.F.);
#528 = CONICAL_SURFACE('',#529,15.004815273328,7.363107781853E-02);
#529 = AXIS2_PLACEMENT_3D('',#530,#531,#532);
#530 = CARTESIAN_POINT('',(0.,0.,120.90198285967));
#531 = DIRECTION('',(-0.,-0.,-1.));
#532 = DIRECTION('',(1.,0.,-0.));
#533 = ADVANCED_FACE('',(#534),#553,.T.);
#534 = FACE_BOUND('',#535,.T.);
#535 = EDGE_LOOP('',(#536,#545,#551,#552));
#536 = ORIENTED_EDGE('',*,*,#537,.T.);
#537 = EDGE_CURVE('',#538,#538,#540,.T.);
#538 = VERTEX_POINT('',#539);
#539 = CARTESIAN_POINT('',(15.010823490035,0.,120.85326952554));
#540 = CIRCLE('',#541,15.010823490035);
#541 = AXIS2_PLACEMENT_3D('',#542,#543,#544);
#542 = CARTESIAN_POINT('',(0.,0.,120.85326952554));
#543 = DIRECTION('',(0.,0.,1.));
#544 = DIRECTION('',(1.,0.,-0.));
#545 = ORIENTED_EDGE('',*,*,#546,.T.);
#546 = EDGE_CURVE('',#538,#513,#547,.T.);
#547 = LINE('',#548,#549);
#548 = CARTESIAN_POINT('',(15.010823490035,0.,120.85326952554));
#549 = VECTOR('',#550,1.);
#550 = DIRECTION('',(-0.122410675199,0.,0.992479534599));
#551 = ORIENTED_EDGE('',*,*,#512,.F.);
#552 = ORIENTED_EDGE('',*,*,#546,.F.);
#553 = CONICAL_SURFACE('',#554,15.010823490035,0.122718463031);
#554 = AXIS2_PLACEMENT_3D('',#555,#556,#557);
#555 = CARTESIAN_POINT('',(0.,0.,120.85326952554));
#556 = DIRECTION('',(-0.,-0.,-1.));
#557 = DIRECTION('',(1.,0.,-0.));
#558 = ADVANCED_FACE('',(#559),#578,.T.);
#559 = FACE_BOUND('',#560,.T.);
#560 = EDGE_LOOP('',(#561,#570,#576,#577));
#561 = ORIENTED_EDGE('',*,*,#562,.T.);
#562 = EDGE_CURVE('',#563,#563,#565,.T.);
#563 = VERTEX_POINT('',#564);
#564 = CARTESIAN_POINT('',(15.019214719597,0.,120.80490967798));
#565 = CIRCLE('',#566,15.019214719597);
#566 = AXIS2_PLACEMENT_3D('',#567,#568,#569);
#567 = CARTESIAN_POINT('',(0.,0.,120.80490967798));
#568 = DIRECTION('',(0.,0.,1.));
#569 = DIRECTION('',(1.,0.,-0.));
#570 = ORIENTED_EDGE('',*,*,#571,.T.);
#571 = EDGE_CURVE('',#563,#538,#572,.T.);
#572 = LINE('',#573,#574);
#573 = CARTESIAN_POINT('',(15.019214719597,0.,120.80490967798));
#574 = VECTOR('',#575,1.);
#575 = DIRECTION('',(-0.17096188876,0.,0.985277642389));
#576 = ORIENTED_EDGE('',*,*,#537,.F.);
#577 = ORIENTED_EDGE('',*,*,#571,.F.);
#578 = CONICAL_SURFACE('',#579,15.019214719597,0.171805848243);
#579 = AXIS2_PLACEMENT_3D('',#580,#581,#582);
#580 = CARTESIAN_POINT('',(0.,0.,120.80490967798));
#581 = DIRECTION('',(-0.,-0.,-1.));
#582 = DIRECTION('',(1.,0.,-0.));
#583 = ADVANCED_FACE('',(#584),#603,.T.);
#584 = FACE_BOUND('',#585,.T.);
#585 = EDGE_LOOP('',(#586,#595,#601,#602));
#586 = ORIENTED_EDGE('',*,*,#587,.T.);
#587 = EDGE_CURVE('',#588,#588,#590,.T.);
#588 = VERTEX_POINT('',#589);
#589 = CARTESIAN_POINT('',(15.029968746805,0.,120.75701982009));
#590 = CIRCLE('',#591,15.029968746805);
#591 = AXIS2_PLACEMENT_3D('',#592,#593,#594);
#592 = CARTESIAN_POINT('',(0.,0.,120.75701982009));
#593 = DIRECTION('',(0.,0.,1.));
#594 = DIRECTION('',(1.,0.,-0.));
#595 = ORIENTED_EDGE('',*,*,#596,.T.);
#596 = EDGE_CURVE('',#588,#563,#597,.T.);
#597 = LINE('',#598,#599);
#598 = CARTESIAN_POINT('',(15.029968746805,0.,120.75701982009));
#599 = VECTOR('',#600,1.);
#600 = DIRECTION('',(-0.219101240157,0.,0.975702130039));
#601 = ORIENTED_EDGE('',*,*,#562,.F.);
#602 = ORIENTED_EDGE('',*,*,#596,.F.);
#603 = CONICAL_SURFACE('',#604,15.029968746805,0.220893233456);
#604 = AXIS2_PLACEMENT_3D('',#605,#606,#607);
#605 = CARTESIAN_POINT('',(0.,0.,120.75701982009));
#606 = DIRECTION('',(-0.,-0.,-1.));
#607 = DIRECTION('',(1.,0.,-0.));
#608 = ADVANCED_FACE('',(#609),#628,.T.);
#609 = FACE_BOUND('',#610,.T.);
#610 = EDGE_LOOP('',(#611,#620,#626,#627));
#611 = ORIENTED_EDGE('',*,*,#612,.T.);
#612 = EDGE_CURVE('',#613,#613,#615,.T.);
#613 = VERTEX_POINT('',#614);
#614 = CARTESIAN_POINT('',(15.043059664268,0.,120.70971532274));
#615 = CIRCLE('',#616,15.043059664268);
#616 = AXIS2_PLACEMENT_3D('',#617,#618,#619);
#617 = CARTESIAN_POINT('',(0.,0.,120.70971532274));
#618 = DIRECTION('',(0.,0.,1.));
#619 = DIRECTION('',(1.,0.,-0.));
#620 = ORIENTED_EDGE('',*,*,#621,.T.);
#621 = EDGE_CURVE('',#613,#588,#622,.T.);
#622 = LINE('',#623,#624);
#623 = CARTESIAN_POINT('',(15.043059664268,0.,120.70971532274));
#624 = VECTOR('',#625,1.);
#625 = DIRECTION('',(-0.266712757475,0.,0.963776065795));
#626 = ORIENTED_EDGE('',*,*,#587,.F.);
#627 = ORIENTED_EDGE('',*,*,#621,.F.);
#628 = CONICAL_SURFACE('',#629,15.043059664268,0.269980618668);
#629 = AXIS2_PLACEMENT_3D('',#630,#631,#632);
#630 = CARTESIAN_POINT('',(0.,0.,120.70971532274));
#631 = DIRECTION('',(-0.,-0.,-1.));
#632 = DIRECTION('',(1.,0.,-0.));
#633 = ADVANCED_FACE('',(#634),#653,.T.);
#634 = FACE_BOUND('',#635,.T.);
#635 = EDGE_LOOP('',(#636,#645,#651,#652));
#636 = ORIENTED_EDGE('',*,*,#637,.T.);
#637 = EDGE_CURVE('',#638,#638,#640,.T.);
#638 = VERTEX_POINT('',#639);
#639 = CARTESIAN_POINT('',(15.058455934817,0.,120.6631101466));
#640 = CIRCLE('',#641,15.058455934817);
#641 = AXIS2_PLACEMENT_3D('',#642,#643,#644);
#642 = CARTESIAN_POINT('',(0.,0.,120.6631101466));
#643 = DIRECTION('',(0.,0.,1.));
#644 = DIRECTION('',(1.,0.,-0.));
#645 = ORIENTED_EDGE('',*,*,#646,.T.);
#646 = EDGE_CURVE('',#638,#613,#647,.T.);
#647 = LINE('',#648,#649);
#648 = CARTESIAN_POINT('',(15.058455934817,0.,120.6631101466));
#649 = VECTOR('',#650,1.);
#650 = DIRECTION('',(-0.313681740399,0.,0.949528180593));
#651 = ORIENTED_EDGE('',*,*,#612,.F.);
#652 = ORIENTED_EDGE('',*,*,#646,.F.);
#653 = CONICAL_SURFACE('',#654,15.058455934817,0.31906800388);
#654 = AXIS2_PLACEMENT_3D('',#655,#656,#657);
#655 = CARTESIAN_POINT('',(0.,0.,120.6631101466));
#656 = DIRECTION('',(-0.,-0.,-1.));
#657 = DIRECTION('',(1.,0.,-0.));
#658 = ADVANCED_FACE('',(#659),#678,.T.);
#659 = FACE_BOUND('',#660,.T.);
#660 = EDGE_LOOP('',(#661,#670,#676,#677));
#661 = ORIENTED_EDGE('',*,*,#662,.T.);
#662 = EDGE_CURVE('',#663,#663,#665,.T.);
#663 = VERTEX_POINT('',#664);
#664 = CARTESIAN_POINT('',(15.076120467489,0.,120.61731656763));
#665 = CIRCLE('',#666,15.076120467489);
#666 = AXIS2_PLACEMENT_3D('',#667,#668,#669);
#667 = CARTESIAN_POINT('',(0.,0.,120.61731656763));
#668 = DIRECTION('',(0.,0.,1.));
#669 = DIRECTION('',(1.,0.,-0.));
#670 = ORIENTED_EDGE('',*,*,#671,.T.);
#671 = EDGE_CURVE('',#663,#638,#672,.T.);
#672 = LINE('',#673,#674);
#673 = CARTESIAN_POINT('',(15.076120467489,0.,120.61731656763));
#674 = VECTOR('',#675,1.);
#675 = DIRECTION('',(-0.359895036535,0.,0.932992798835));
#676 = ORIENTED_EDGE('',*,*,#637,.F.);
#677 = ORIENTED_EDGE('',*,*,#671,.F.);
#678 = CONICAL_SURFACE('',#679,15.076120467489,0.368155389093);
#679 = AXIS2_PLACEMENT_3D('',#680,#681,#682);
#680 = CARTESIAN_POINT('',(0.,0.,120.61731656763));
#681 = DIRECTION('',(-0.,-0.,-1.));
#682 = DIRECTION('',(1.,0.,-0.));
#683 = ADVANCED_FACE('',(#684),#703,.T.);
#684 = FACE_BOUND('',#685,.T.);
#685 = EDGE_LOOP('',(#686,#695,#701,#702));
#686 = ORIENTED_EDGE('',*,*,#687,.T.);
#687 = EDGE_CURVE('',#688,#688,#690,.T.);
#688 = VERTEX_POINT('',#689);
#689 = CARTESIAN_POINT('',(15.096010706877,0.,120.57244490657));
#690 = CIRCLE('',#691,15.096010706877);
#691 = AXIS2_PLACEMENT_3D('',#692,#693,#694);
#692 = CARTESIAN_POINT('',(0.,0.,120.57244490657));
#693 = DIRECTION('',(0.,0.,1.));
#694 = DIRECTION('',(1.,0.,-0.));
#695 = ORIENTED_EDGE('',*,*,#696,.T.);
#696 = EDGE_CURVE('',#688,#663,#697,.T.);
#697 = LINE('',#698,#699);
#698 = CARTESIAN_POINT('',(15.096010706877,0.,120.57244490657));
#699 = VECTOR('',#700,1.);
#700 = DIRECTION('',(-0.405241314005,0.,0.914209755704));
#701 = ORIENTED_EDGE('',*,*,#662,.F.);
#702 = ORIENTED_EDGE('',*,*,#696,.F.);
#703 = CONICAL_SURFACE('',#704,15.096010706877,0.417242774305);
#704 = AXIS2_PLACEMENT_3D('',#705,#706,#707);
#705 = CARTESIAN_POINT('',(0.,0.,120.57244490657));
#706 = DIRECTION('',(-0.,-0.,-1.));
#707 = DIRECTION('',(1.,0.,-0.));
#708 = ADVANCED_FACE('',(#709),#728,.T.);
#709 = FACE_BOUND('',#710,.T.);
#710 = EDGE_LOOP('',(#711,#720,#726,#727));
#711 = ORIENTED_EDGE('',*,*,#712,.T.);
#712 = EDGE_CURVE('',#713,#713,#715,.T.);
#713 = VERTEX_POINT('',#714);
#714 = CARTESIAN_POINT('',(15.118078735652,0.,120.52860326317));
#715 = CIRCLE('',#716,15.118078735652);
#716 = AXIS2_PLACEMENT_3D('',#717,#718,#719);
#717 = CARTESIAN_POINT('',(0.,0.,120.52860326317));
#718 = DIRECTION('',(0.,0.,1.));
#719 = DIRECTION('',(1.,0.,-0.));
#720 = ORIENTED_EDGE('',*,*,#721,.T.);
#721 = EDGE_CURVE('',#713,#688,#722,.T.);
#722 = LINE('',#723,#724);
#723 = CARTESIAN_POINT('',(15.118078735652,0.,120.52860326317));
#724 = VECTOR('',#725,1.);
#725 = DIRECTION('',(-0.449611329655,0.,0.893224301195));
#726 = ORIENTED_EDGE('',*,*,#687,.F.);
#727 = ORIENTED_EDGE('',*,*,#721,.F.);
#728 = CONICAL_SURFACE('',#729,15.118078735652,0.466330159517);
#729 = AXIS2_PLACEMENT_3D('',#730,#731,#732);
#730 = CARTESIAN_POINT('',(0.,0.,120.52860326317));
#731 = DIRECTION('',(-0.,-0.,-1.));
#732 = DIRECTION('',(1.,0.,-0.));
#733 = ADVANCED_FACE('',(#734),#753,.T.);
#734 = FACE_BOUND('',#735,.T.);
#735 = EDGE_LOOP('',(#736,#745,#751,#752));
#736 = ORIENTED_EDGE('',*,*,#737,.T.);
#737 = EDGE_CURVE('',#738,#738,#740,.T.);
#738 = VERTEX_POINT('',#739);
#739 = CARTESIAN_POINT('',(15.14227139,0.,120.4858972558));
#740 = CIRCLE('',#741,15.14227139);
#741 = AXIS2_PLACEMENT_3D('',#742,#743,#744);
#742 = CARTESIAN_POINT('',(0.,0.,120.4858972558));
#743 = DIRECTION('',(0.,0.,1.));
#744 = DIRECTION('',(1.,0.,-0.));
#745 = ORIENTED_EDGE('',*,*,#746,.T.);
#746 = EDGE_CURVE('',#738,#713,#747,.T.);
#747 = LINE('',#748,#749);
#748 = CARTESIAN_POINT('',(15.14227139,0.,120.4858972558));
#749 = VECTOR('',#750,1.);
#750 = DIRECTION('',(-0.49289819223,0.,0.870086991109));
#751 = ORIENTED_EDGE('',*,*,#712,.F.);
#752 = ORIENTED_EDGE('',*,*,#746,.F.);
#753 = CONICAL_SURFACE('',#754,15.14227139,0.51541754473);
#754 = AXIS2_PLACEMENT_3D('',#755,#756,#757);
#755 = CARTESIAN_POINT('',(0.,0.,120.4858972558));
#756 = DIRECTION('',(-0.,-0.,-1.));
#757 = DIRECTION('',(1.,0.,-0.));
#758 = ADVANCED_FACE('',(#759),#778,.T.);
#759 = FACE_BOUND('',#760,.T.);
#760 = EDGE_LOOP('',(#761,#770,#776,#777));
#761 = ORIENTED_EDGE('',*,*,#762,.T.);
#762 = EDGE_CURVE('',#763,#763,#765,.T.);
#763 = VERTEX_POINT('',#764);
#764 = CARTESIAN_POINT('',(15.168530387697,0.,120.44442976698));
#765 = CIRCLE('',#766,15.168530387697);
#766 = AXIS2_PLACEMENT_3D('',#767,#768,#769);
#767 = CARTESIAN_POINT('',(0.,0.,120.44442976698));
#768 = DIRECTION('',(0.,0.,1.));
#769 = DIRECTION('',(1.,0.,-0.));
#770 = ORIENTED_EDGE('',*,*,#771,.T.);
#771 = EDGE_CURVE('',#763,#738,#772,.T.);
#772 = LINE('',#773,#774);
#773 = CARTESIAN_POINT('',(15.168530387697,0.,120.44442976698));
#774 = VECTOR('',#775,1.);
#775 = DIRECTION('',(-0.534997619887,0.,0.84485356525));
#776 = ORIENTED_EDGE('',*,*,#737,.F.);
#777 = ORIENTED_EDGE('',*,*,#771,.F.);
#778 = CONICAL_SURFACE('',#779,15.168530387697,0.564504929942);
#779 = AXIS2_PLACEMENT_3D('',#780,#781,#782);
#780 = CARTESIAN_POINT('',(0.,0.,120.44442976698));
#781 = DIRECTION('',(-0.,-0.,-1.));
#782 = DIRECTION('',(1.,0.,-0.));
#783 = ADVANCED_FACE('',(#784),#803,.T.);
#784 = FACE_BOUND('',#785,.T.);
#785 = EDGE_LOOP('',(#786,#795,#801,#802));
#786 = ORIENTED_EDGE('',*,*,#787,.T.);
#787 = EDGE_CURVE('',#788,#788,#790,.T.);
#788 = VERTEX_POINT('',#789);
#789 = CARTESIAN_POINT('',(15.196792468519,0.,120.4043006955));
#790 = CIRCLE('',#791,15.196792468519);
#791 = AXIS2_PLACEMENT_3D('',#792,#793,#794);
#792 = CARTESIAN_POINT('',(0.,0.,120.4043006955));
#793 = DIRECTION('',(0.,0.,1.));
#794 = DIRECTION('',(1.,0.,-0.));
#795 = ORIENTED_EDGE('',*,*,#796,.T.);
#796 = EDGE_CURVE('',#788,#763,#797,.T.);
#797 = LINE('',#798,#799);
#798 = CARTESIAN_POINT('',(15.196792468519,0.,120.4043006955));
#799 = VECTOR('',#800,1.);
#800 = DIRECTION('',(-0.575808191418,0.,0.817584813152));
#801 = ORIENTED_EDGE('',*,*,#762,.F.);
#802 = ORIENTED_EDGE('',*,*,#796,.F.);
#803 = CONICAL_SURFACE('',#804,15.196792468519,0.613592315154);
#804 = AXIS2_PLACEMENT_3D('',#805,#806,#807);
#805 = CARTESIAN_POINT('',(0.,0.,120.4043006955));
#806 = DIRECTION('',(-0.,-0.,-1.));
#807 = DIRECTION('',(1.,0.,-0.));
#808 = ADVANCED_FACE('',(#809),#828,.T.);
#809 = FACE_BOUND('',#810,.T.);
#810 = EDGE_LOOP('',(#811,#820,#826,#827));
#811 = ORIENTED_EDGE('',*,*,#812,.T.);
#812 = EDGE_CURVE('',#813,#813,#815,.T.);
#813 = VERTEX_POINT('',#814);
#814 = CARTESIAN_POINT('',(15.226989546637,0.,120.36560671583));
#815 = CIRCLE('',#816,15.226989546637);
#816 = AXIS2_PLACEMENT_3D('',#817,#818,#819);
#817 = CARTESIAN_POINT('',(0.,0.,120.36560671583));
#818 = DIRECTION('',(0.,0.,1.));
#819 = DIRECTION('',(1.,0.,-0.));
#820 = ORIENTED_EDGE('',*,*,#821,.T.);
#821 = EDGE_CURVE('',#813,#788,#822,.T.);
#822 = LINE('',#823,#824);
#823 = CARTESIAN_POINT('',(15.226989546637,0.,120.36560671583));
#824 = VECTOR('',#825,1.);
#825 = DIRECTION('',(-0.615231590581,0.,0.788346427627));
#826 = ORIENTED_EDGE('',*,*,#787,.F.);
#827 = ORIENTED_EDGE('',*,*,#821,.F.);
#828 = CONICAL_SURFACE('',#829,15.226989546637,0.662679700366);
#829 = AXIS2_PLACEMENT_3D('',#830,#831,#832);
#830 = CARTESIAN_POINT('',(0.,0.,120.36560671583));
#831 = DIRECTION('',(-0.,-0.,-1.));
#832 = DIRECTION('',(1.,0.,-0.));
#833 = ADVANCED_FACE('',(#834),#853,.T.);
#834 = FACE_BOUND('',#835,.T.);
#835 = EDGE_LOOP('',(#836,#845,#851,#852));
#836 = ORIENTED_EDGE('',*,*,#837,.T.);
#837 = EDGE_CURVE('',#838,#838,#840,.T.);
#838 = VERTEX_POINT('',#839);
#839 = CARTESIAN_POINT('',(15.259048874645,0.,120.32844104515));
#840 = CIRCLE('',#841,15.259048874645);
#841 = AXIS2_PLACEMENT_3D('',#842,#843,#844);
#842 = CARTESIAN_POINT('',(0.,0.,120.32844104515));
#843 = DIRECTION('',(0.,0.,1.));
#844 = DIRECTION('',(1.,0.,-0.));
#845 = ORIENTED_EDGE('',*,*,#846,.T.);
#846 = EDGE_CURVE('',#838,#813,#847,.T.);
#847 = LINE('',#848,#849);
#848 = CARTESIAN_POINT('',(15.259048874645,0.,120.32844104515));
#849 = VECTOR('',#850,1.);
#850 = DIRECTION('',(-0.653172842954,0.,0.757208846506));
#851 = ORIENTED_EDGE('',*,*,#812,.F.);
#852 = ORIENTED_EDGE('',*,*,#846,.F.);
#853 = CONICAL_SURFACE('',#854,15.259048874645,0.711767085579);
#854 = AXIS2_PLACEMENT_3D('',#855,#856,#857);
#855 = CARTESIAN_POINT('',(0.,0.,120.32844104515));
#856 = DIRECTION('',(-0.,-0.,-1.));
#857 = DIRECTION('',(1.,0.,-0.));
#858 = ADVANCED_FACE('',(#859),#878,.T.);
#859 = FACE_BOUND('',#860,.T.);
#860 = EDGE_LOOP('',(#861,#870,#876,#877));
#861 = ORIENTED_EDGE('',*,*,#862,.T.);
#862 = EDGE_CURVE('',#863,#863,#865,.T.);
#863 = VERTEX_POINT('',#864);
#864 = CARTESIAN_POINT('',(15.292893218813,0.,120.29289321881));
#865 = CIRCLE('',#866,15.292893218813);
#866 = AXIS2_PLACEMENT_3D('',#867,#868,#869);
#867 = CARTESIAN_POINT('',(0.,0.,120.29289321881));
#868 = DIRECTION('',(0.,0.,1.));
#869 = DIRECTION('',(1.,0.,-0.));
#870 = ORIENTED_EDGE('',*,*,#871,.T.);
#871 = EDGE_CURVE('',#863,#838,#872,.T.);
#872 = LINE('',#873,#874);
#873 = CARTESIAN_POINT('',(15.292893218813,0.,120.29289321881));
#874 = VECTOR('',#875,1.);
#875 = DIRECTION('',(-0.689540544737,0.,0.724247082952));
#876 = ORIENTED_EDGE('',*,*,#837,.F.);
#877 = ORIENTED_EDGE('',*,*,#871,.F.);
#878 = CONICAL_SURFACE('',#879,15.292893218813,0.760854470791);
#879 = AXIS2_PLACEMENT_3D('',#880,#881,#882);
#880 = CARTESIAN_POINT('',(0.,0.,120.29289321881));
#881 = DIRECTION('',(-0.,-0.,-1.));
#882 = DIRECTION('',(1.,0.,-0.));
#883 = ADVANCED_FACE('',(#884),#903,.T.);
#884 = FACE_BOUND('',#885,.T.);
#885 = EDGE_LOOP('',(#886,#895,#901,#902));
#886 = ORIENTED_EDGE('',*,*,#887,.T.);
#887 = EDGE_CURVE('',#888,#888,#890,.T.);
#888 = VERTEX_POINT('',#889);
#889 = CARTESIAN_POINT('',(15.328441045153,0.,120.25904887464));
#890 = CIRCLE('',#891,15.328441045153);
#891 = AXIS2_PLACEMENT_3D('',#892,#893,#894);
#892 = CARTESIAN_POINT('',(0.,0.,120.25904887464));
#893 = DIRECTION('',(0.,0.,1.));
#894 = DIRECTION('',(1.,0.,-0.));
#895 = ORIENTED_EDGE('',*,*,#896,.T.);
#896 = EDGE_CURVE('',#888,#863,#897,.T.);
#897 = LINE('',#898,#899);
#898 = CARTESIAN_POINT('',(15.328441045153,0.,120.25904887464));
#899 = VECTOR('',#900,1.);
#900 = DIRECTION('',(-0.724247082952,0.,0.689540544737));
#901 = ORIENTED_EDGE('',*,*,#862,.F.);
#902 = ORIENTED_EDGE('',*,*,#896,.F.);
#903 = CONICAL_SURFACE('',#904,15.328441045153,0.809941856004);
#904 = AXIS2_PLACEMENT_3D('',#905,#906,#907);
#905 = CARTESIAN_POINT('',(0.,0.,120.25904887464));
#906 = DIRECTION('',(-0.,-0.,-1.));
#907 = DIRECTION('',(1.,0.,-0.));
#908 = ADVANCED_FACE('',(#909),#928,.T.);
#909 = FACE_BOUND('',#910,.T.);
#910 = EDGE_LOOP('',(#911,#920,#926,#927));
#911 = ORIENTED_EDGE('',*,*,#912,.T.);
#912 = EDGE_CURVE('',#913,#913,#915,.T.);
#913 = VERTEX_POINT('',#914);
#914 = CARTESIAN_POINT('',(15.365606715836,0.,120.22698954663));
#915 = CIRCLE('',#916,15.365606715836);
#916 = AXIS2_PLACEMENT_3D('',#917,#918,#919);
#917 = CARTESIAN_POINT('',(0.,0.,120.22698954663));
#918 = DIRECTION('',(0.,0.,1.));
#919 = DIRECTION('',(1.,0.,-0.));
#920 = ORIENTED_EDGE('',*,*,#921,.T.);
#921 = EDGE_CURVE('',#913,#888,#922,.T.);
#922 = LINE('',#923,#924);
#923 = CARTESIAN_POINT('',(15.365606715836,0.,120.22698954663));
#924 = VECTOR('',#925,1.);
#925 = DIRECTION('',(-0.757208846506,0.,0.653172842954));
#926 = ORIENTED_EDGE('',*,*,#887,.F.);
#927 = ORIENTED_EDGE('',*,*,#921,.F.);
#928 = CONICAL_SURFACE('',#929,15.365606715836,0.859029241216);
#929 = AXIS2_PLACEMENT_3D('',#930,#931,#932);
#930 = CARTESIAN_POINT('',(0.,0.,120.22698954663));
#931 = DIRECTION('',(-0.,-0.,-1.));
#932 = DIRECTION('',(1.,0.,-0.));
#933 = ADVANCED_FACE('',(#934),#953,.T.);
#934 = FACE_BOUND('',#935,.T.);
#935 = EDGE_LOOP('',(#936,#945,#951,#952));
#936 = ORIENTED_EDGE('',*,*,#937,.T.);
#937 = EDGE_CURVE('',#938,#938,#940,.T.);
#938 = VERTEX_POINT('',#939);
#939 = CARTESIAN_POINT('',(15.404300695508,0.,120.19679246851));
#940 = CIRCLE('',#941,15.404300695508);
#941 = AXIS2_PLACEMENT_3D('',#942,#943,#944);
#942 = CARTESIAN_POINT('',(0.,0.,120.19679246851));
#943 = DIRECTION('',(0.,0.,1.));
#944 = DIRECTION('',(1.,0.,-0.));
#945 = ORIENTED_EDGE('',*,*,#946,.T.);
#946 = EDGE_CURVE('',#938,#913,#947,.T.);
#947 = LINE('',#948,#949);
#948 = CARTESIAN_POINT('',(15.404300695508,0.,120.19679246851));
#949 = VECTOR('',#950,1.);
#950 = DIRECTION('',(-0.788346427626,0.,0.615231590581));
#951 = ORIENTED_EDGE('',*,*,#912,.F.);
#952 = ORIENTED_EDGE('',*,*,#946,.F.);
#953 = CONICAL_SURFACE('',#954,15.404300695508,0.908116626428);
#954 = AXIS2_PLACEMENT_3D('',#955,#956,#957);
#955 = CARTESIAN_POINT('',(0.,0.,120.19679246851));
#956 = DIRECTION('',(-0.,-0.,-1.));
#957 = DIRECTION('',(1.,0.,-0.));
#958 = ADVANCED_FACE('',(#959),#978,.T.);
#959 = FACE_BOUND('',#960,.T.);
#960 = EDGE_LOOP('',(#961,#970,#976,#977));
#961 = ORIENTED_EDGE('',*,*,#962,.T.);
#962 = EDGE_CURVE('',#963,#963,#965,.T.);
#963 = VERTEX_POINT('',#964);
#964 = CARTESIAN_POINT('',(15.44442976698,0.,120.16853038769));
#965 = CIRCLE('',#966,15.44442976698);
#966 = AXIS2_PLACEMENT_3D('',#967,#968,#969);
#967 = CARTESIAN_POINT('',(0.,0.,120.16853038769));
#968 = DIRECTION('',(0.,0.,1.));
#969 = DIRECTION('',(1.,0.,-0.));
#970 = ORIENTED_EDGE('',*,*,#971,.T.);
#971 = EDGE_CURVE('',#963,#938,#972,.T.);
#972 = LINE('',#973,#974);
#973 = CARTESIAN_POINT('',(15.44442976698,0.,120.16853038769));
#974 = VECTOR('',#975,1.);
#975 = DIRECTION('',(-0.817584813152,0.,0.575808191418));
#976 = ORIENTED_EDGE('',*,*,#937,.F.);
#977 = ORIENTED_EDGE('',*,*,#971,.F.);
#978 = CONICAL_SURFACE('',#979,15.44442976698,0.957204011641);
#979 = AXIS2_PLACEMENT_3D('',#980,#981,#982);
#980 = CARTESIAN_POINT('',(0.,0.,120.16853038769));
#981 = DIRECTION('',(-0.,-0.,-1.));
#982 = DIRECTION('',(1.,0.,-0.));
#983 = ADVANCED_FACE('',(#984),#1003,.T.);
#984 = FACE_BOUND('',#985,.T.);
#985 = EDGE_LOOP('',(#986,#995,#1001,#1002));
#986 = ORIENTED_EDGE('',*,*,#987,.T.);
#987 = EDGE_CURVE('',#988,#988,#990,.T.);
#988 = VERTEX_POINT('',#989);
#989 = CARTESIAN_POINT('',(15.485897255807,0.,120.14227139));
#990 = CIRCLE('',#991,15.485897255807);
#991 = AXIS2_PLACEMENT_3D('',#992,#993,#994);
#992 = CARTESIAN_POINT('',(0.,0.,120.14227139));
#993 = DIRECTION('',(0.,0.,1.));
#994 = DIRECTION('',(1.,0.,-0.));
#995 = ORIENTED_EDGE('',*,*,#996,.T.);
#996 = EDGE_CURVE('',#988,#963,#997,.T.);
#997 = LINE('',#998,#999);
#998 = CARTESIAN_POINT('',(15.485897255807,0.,120.14227139));
#999 = VECTOR('',#1000,1.);
#1000 = DIRECTION('',(-0.84485356525,0.,0.534997619887));
#1001 = ORIENTED_EDGE('',*,*,#962,.F.);
#1002 = ORIENTED_EDGE('',*,*,#996,.F.);
#1003 = CONICAL_SURFACE('',#1004,15.485897255807,1.006291396853);
#1004 = AXIS2_PLACEMENT_3D('',#1005,#1006,#1007);
#1005 = CARTESIAN_POINT('',(0.,0.,120.14227139));
#1006 = DIRECTION('',(-0.,-0.,-1.));
#1007 = DIRECTION('',(1.,0.,-0.));
#1008 = ADVANCED_FACE('',(#1009),#1028,.T.);
#1009 = FACE_BOUND('',#1010,.T.);
#1010 = EDGE_LOOP('',(#1011,#1020,#1026,#1027));
#1011 = ORIENTED_EDGE('',*,*,#1012,.T.);
#1012 = EDGE_CURVE('',#1013,#1013,#1015,.T.);
#1013 = VERTEX_POINT('',#1014);
#1014 = CARTESIAN_POINT('',(15.528603263174,0.,120.11807873565));
#1015 = CIRCLE('',#1016,15.528603263174);
#1016 = AXIS2_PLACEMENT_3D('',#1017,#1018,#1019);
#1017 = CARTESIAN_POINT('',(0.,0.,120.11807873565));
#1018 = DIRECTION('',(0.,0.,1.));
#1019 = DIRECTION('',(1.,0.,-0.));
#1020 = ORIENTED_EDGE('',*,*,#1021,.T.);
#1021 = EDGE_CURVE('',#1013,#988,#1022,.T.);
#1022 = LINE('',#1023,#1024);
#1023 = CARTESIAN_POINT('',(15.528603263174,0.,120.11807873565));
#1024 = VECTOR('',#1025,1.);
#1025 = DIRECTION('',(-0.870086991109,0.,0.49289819223));
#1026 = ORIENTED_EDGE('',*,*,#987,.F.);
#1027 = ORIENTED_EDGE('',*,*,#1021,.F.);
#1028 = CONICAL_SURFACE('',#1029,15.528603263174,1.055378782065);
#1029 = AXIS2_PLACEMENT_3D('',#1030,#1031,#1032);
#1030 = CARTESIAN_POINT('',(0.,0.,120.11807873565));
#1031 = DIRECTION('',(-0.,-0.,-1.));
#1032 = DIRECTION('',(1.,0.,-0.));
#1033 = ADVANCED_FACE('',(#1034),#1053,.T.);
#1034 = FACE_BOUND('',#1035,.T.);
#1035 = EDGE_LOOP('',(#1036,#1045,#1051,#1052));
#1036 = ORIENTED_EDGE('',*,*,#1037,.T.);
#1037 = EDGE_CURVE('',#1038,#1038,#1040,.T.);
#1038 = VERTEX_POINT('',#1039);
#1039 = CARTESIAN_POINT('',(15.57244490657,0.,120.09601070687));
#1040 = CIRCLE('',#1041,15.57244490657);
#1041 = AXIS2_PLACEMENT_3D('',#1042,#1043,#1044);
#1042 = CARTESIAN_POINT('',(0.,0.,120.09601070687));
#1043 = DIRECTION('',(0.,0.,1.));
#1044 = DIRECTION('',(1.,0.,-0.));
#1045 = ORIENTED_EDGE('',*,*,#1046,.T.);
#1046 = EDGE_CURVE('',#1038,#1013,#1047,.T.);
#1047 = LINE('',#1048,#1049);
#1048 = CARTESIAN_POINT('',(15.57244490657,0.,120.09601070687));
#1049 = VECTOR('',#1050,1.);
#1050 = DIRECTION('',(-0.893224301195,0.,0.449611329655));
#1051 = ORIENTED_EDGE('',*,*,#1012,.F.);
#1052 = ORIENTED_EDGE('',*,*,#1046,.F.);
#1053 = CONICAL_SURFACE('',#1054,15.57244490657,1.104466167278);
#1054 = AXIS2_PLACEMENT_3D('',#1055,#1056,#1057);
#1055 = CARTESIAN_POINT('',(0.,0.,120.09601070687));
#1056 = DIRECTION('',(-0.,-0.,-1.));
#1057 = DIRECTION('',(1.,0.,-0.));
#1058 = ADVANCED_FACE('',(#1059),#1078,.T.);
#1059 = FACE_BOUND('',#1060,.T.);
#1060 = EDGE_LOOP('',(#1061,#1070,#1076,#1077));
#1061 = ORIENTED_EDGE('',*,*,#1062,.T.);
#1062 = EDGE_CURVE('',#1063,#1063,#1065,.T.);
#1063 = VERTEX_POINT('',#1064);
#1064 = CARTESIAN_POINT('',(15.617316567635,0.,120.07612046748));
#1065 = CIRCLE('',#1066,15.617316567635);
#1066 = AXIS2_PLACEMENT_3D('',#1067,#1068,#1069);
#1067 = CARTESIAN_POINT('',(0.,0.,120.07612046748));
#1068 = DIRECTION('',(0.,0.,1.));
#1069 = DIRECTION('',(1.,0.,-0.));
#1070 = ORIENTED_EDGE('',*,*,#1071,.T.);
#1071 = EDGE_CURVE('',#1063,#1038,#1072,.T.);
#1072 = LINE('',#1073,#1074);
#1073 = CARTESIAN_POINT('',(15.617316567635,0.,120.07612046748));
#1074 = VECTOR('',#1075,1.);
#1075 = DIRECTION('',(-0.914209755703,0.,0.405241314005));
#1076 = ORIENTED_EDGE('',*,*,#1037,.F.);
#1077 = ORIENTED_EDGE('',*,*,#1071,.F.);
#1078 = CONICAL_SURFACE('',#1079,15.617316567635,1.15355355249);
#1079 = AXIS2_PLACEMENT_3D('',#1080,#1081,#1082);
#1080 = CARTESIAN_POINT('',(0.,0.,120.07612046748));
#1081 = DIRECTION('',(-0.,-0.,-1.));
#1082 = DIRECTION('',(1.,0.,-0.));
#1083 = ADVANCED_FACE('',(#1084),#1103,.T.);
#1084 = FACE_BOUND('',#1085,.T.);
#1085 = EDGE_LOOP('',(#1086,#1095,#1101,#1102));
#1086 = ORIENTED_EDGE('',*,*,#1087,.T.);
#1087 = EDGE_CURVE('',#1088,#1088,#1090,.T.);
#1088 = VERTEX_POINT('',#1089);
#1089 = CARTESIAN_POINT('',(15.663110146608,0.,120.05845593481));
#1090 = CIRCLE('',#1091,15.663110146608);
#1091 = AXIS2_PLACEMENT_3D('',#1092,#1093,#1094);
#1092 = CARTESIAN_POINT('',(0.,0.,120.05845593481));
#1093 = DIRECTION('',(0.,0.,1.));
#1094 = DIRECTION('',(1.,0.,-0.));
#1095 = ORIENTED_EDGE('',*,*,#1096,.T.);
#1096 = EDGE_CURVE('',#1088,#1063,#1097,.T.);
#1097 = LINE('',#1098,#1099);
#1098 = CARTESIAN_POINT('',(15.663110146608,0.,120.05845593481));
#1099 = VECTOR('',#1100,1.);
#1100 = DIRECTION('',(-0.932992798835,0.,0.359895036535));
#1101 = ORIENTED_EDGE('',*,*,#1062,.F.);
#1102 = ORIENTED_EDGE('',*,*,#1096,.F.);
#1103 = CONICAL_SURFACE('',#1104,15.663110146608,1.202640937702);
#1104 = AXIS2_PLACEMENT_3D('',#1105,#1106,#1107);
#1105 = CARTESIAN_POINT('',(0.,0.,120.05845593481));
#1106 = DIRECTION('',(-0.,-0.,-1.));
#1107 = DIRECTION('',(1.,0.,-0.));
#1108 = ADVANCED_FACE('',(#1109),#1128,.T.);
#1109 = FACE_BOUND('',#1110,.T.);
#1110 = EDGE_LOOP('',(#1111,#1120,#1126,#1127));
#1111 = ORIENTED_EDGE('',*,*,#1112,.T.);
#1112 = EDGE_CURVE('',#1113,#1113,#1115,.T.);
#1113 = VERTEX_POINT('',#1114);
#1114 = CARTESIAN_POINT('',(15.709715322746,0.,120.04305966426));
#1115 = CIRCLE('',#1116,15.709715322746);
#1116 = AXIS2_PLACEMENT_3D('',#1117,#1118,#1119);
#1117 = CARTESIAN_POINT('',(0.,0.,120.04305966426));
#1118 = DIRECTION('',(0.,0.,1.));
#1119 = DIRECTION('',(1.,0.,-0.));
#1120 = ORIENTED_EDGE('',*,*,#1121,.T.);
#1121 = EDGE_CURVE('',#1113,#1088,#1122,.T.);
#1122 = LINE('',#1123,#1124);
#1123 = CARTESIAN_POINT('',(15.709715322746,0.,120.04305966426));
#1124 = VECTOR('',#1125,1.);
#1125 = DIRECTION('',(-0.949528180593,0.,0.313681740399));
#1126 = ORIENTED_EDGE('',*,*,#1087,.F.);
#1127 = ORIENTED_EDGE('',*,*,#1121,.F.);
#1128 = CONICAL_SURFACE('',#1129,15.709715322746,1.251728322915);
#1129 = AXIS2_PLACEMENT_3D('',#1130,#1131,#1132);
#1130 = CARTESIAN_POINT('',(0.,0.,120.04305966426));
#1131 = DIRECTION('',(-0.,-0.,-1.));
#1132 = DIRECTION('',(1.,0.,-0.));
#1133 = ADVANCED_FACE('',(#1134),#1153,.T.);
#1134 = FACE_BOUND('',#1135,.T.);
#1135 = EDGE_LOOP('',(#1136,#1145,#1151,#1152));
#1136 = ORIENTED_EDGE('',*,*,#1137,.T.);
#1137 = EDGE_CURVE('',#1138,#1138,#1140,.T.);
#1138 = VERTEX_POINT('',#1139);
#1139 = CARTESIAN_POINT('',(15.757019820097,0.,120.0299687468));
#1140 = CIRCLE('',#1141,15.757019820097);
#1141 = AXIS2_PLACEMENT_3D('',#1142,#1143,#1144);
#1142 = CARTESIAN_POINT('',(0.,0.,120.0299687468));
#1143 = DIRECTION('',(0.,0.,1.));
#1144 = DIRECTION('',(1.,0.,-0.));
#1145 = ORIENTED_EDGE('',*,*,#1146,.T.);
#1146 = EDGE_CURVE('',#1138,#1113,#1147,.T.);
#1147 = LINE('',#1148,#1149);
#1148 = CARTESIAN_POINT('',(15.757019820097,0.,120.0299687468));
#1149 = VECTOR('',#1150,1.);
#1150 = DIRECTION('',(-0.963776065795,0.,0.266712757475));
#1151 = ORIENTED_EDGE('',*,*,#1112,.F.);
#1152 = ORIENTED_EDGE('',*,*,#1146,.F.);
#1153 = CONICAL_SURFACE('',#1154,15.757019820097,1.300815708127);
#1154 = AXIS2_PLACEMENT_3D('',#1155,#1156,#1157);
#1155 = CARTESIAN_POINT('',(0.,0.,120.0299687468));
#1156 = DIRECTION('',(-0.,-0.,-1.));
#1157 = DIRECTION('',(1.,0.,-0.));
#1158 = ADVANCED_FACE('',(#1159),#1178,.T.);
#1159 = FACE_BOUND('',#1160,.T.);
#1160 = EDGE_LOOP('',(#1161,#1170,#1176,#1177));
#1161 = ORIENTED_EDGE('',*,*,#1162,.T.);
#1162 = EDGE_CURVE('',#1163,#1163,#1165,.T.);
#1163 = VERTEX_POINT('',#1164);
#1164 = CARTESIAN_POINT('',(15.804909677984,0.,120.01921471959));
#1165 = CIRCLE('',#1166,15.804909677984);
#1166 = AXIS2_PLACEMENT_3D('',#1167,#1168,#1169);
#1167 = CARTESIAN_POINT('',(0.,0.,120.01921471959));
#1168 = DIRECTION('',(0.,0.,1.));
#1169 = DIRECTION('',(1.,0.,-0.));
#1170 = ORIENTED_EDGE('',*,*,#1171,.T.);
#1171 = EDGE_CURVE('',#1163,#1138,#1172,.T.);
#1172 = LINE('',#1173,#1174);
#1173 = CARTESIAN_POINT('',(15.804909677984,0.,120.01921471959));
#1174 = VECTOR('',#1175,1.);
#1175 = DIRECTION('',(-0.975702130039,0.,0.219101240157));
#1176 = ORIENTED_EDGE('',*,*,#1137,.F.);
#1177 = ORIENTED_EDGE('',*,*,#1171,.F.);
#1178 = CONICAL_SURFACE('',#1179,15.804909677984,1.34990309334);
#1179 = AXIS2_PLACEMENT_3D('',#1180,#1181,#1182);
#1180 = CARTESIAN_POINT('',(0.,0.,120.01921471959));
#1181 = DIRECTION('',(-0.,-0.,-1.));
#1182 = DIRECTION('',(1.,0.,-0.));
#1183 = ADVANCED_FACE('',(#1184),#1203,.T.);
#1184 = FACE_BOUND('',#1185,.T.);
#1185 = EDGE_LOOP('',(#1186,#1195,#1201,#1202));
#1186 = ORIENTED_EDGE('',*,*,#1187,.T.);
#1187 = EDGE_CURVE('',#1188,#1188,#1190,.T.);
#1188 = VERTEX_POINT('',#1189);
#1189 = CARTESIAN_POINT('',(15.853269525545,0.,120.01082349003));
#1190 = CIRCLE('',#1191,15.853269525545);
#1191 = AXIS2_PLACEMENT_3D('',#1192,#1193,#1194);
#1192 = CARTESIAN_POINT('',(0.,0.,120.01082349003));
#1193 = DIRECTION('',(0.,0.,1.));
#1194 = DIRECTION('',(1.,0.,-0.));
#1195 = ORIENTED_EDGE('',*,*,#1196,.T.);
#1196 = EDGE_CURVE('',#1188,#1163,#1197,.T.);
#1197 = LINE('',#1198,#1199);
#1198 = CARTESIAN_POINT('',(15.853269525545,0.,120.01082349003));
#1199 = VECTOR('',#1200,1.);
#1200 = DIRECTION('',(-0.985277642389,0.,0.17096188876));
#1201 = ORIENTED_EDGE('',*,*,#1162,.F.);
#1202 = ORIENTED_EDGE('',*,*,#1196,.F.);
#1203 = CONICAL_SURFACE('',#1204,15.853269525545,1.398990478552);
#1204 = AXIS2_PLACEMENT_3D('',#1205,#1206,#1207);
#1205 = CARTESIAN_POINT('',(0.,0.,120.01082349003));
#1206 = DIRECTION('',(-0.,-0.,-1.));
#1207 = DIRECTION('',(1.,0.,-0.));
#1208 = ADVANCED_FACE('',(#1209),#1228,.T.);
#1209 = FACE_BOUND('',#1210,.T.);
#1210 = EDGE_LOOP('',(#1211,#1220,#1226,#1227));
#1211 = ORIENTED_EDGE('',*,*,#1212,.T.);
#1212 = EDGE_CURVE('',#1213,#1213,#1215,.T.);
#1213 = VERTEX_POINT('',#1214);
#1214 = CARTESIAN_POINT('',(15.90198285967,0.,120.00481527332));
#1215 = CIRCLE('',#1216,15.90198285967);
#1216 = AXIS2_PLACEMENT_3D('',#1217,#1218,#1219);
#1217 = CARTESIAN_POINT('',(0.,0.,120.00481527332));
#1218 = DIRECTION('',(0.,0.,1.));
#1219 = DIRECTION('',(1.,0.,-0.));
#1220 = ORIENTED_EDGE('',*,*,#1221,.T.);
#1221 = EDGE_CURVE('',#1213,#1188,#1222,.T.);
#1222 = LINE('',#1223,#1224);
#1223 = CARTESIAN_POINT('',(15.90198285967,0.,120.00481527332));
#1224 = VECTOR('',#1225,1.);
#1225 = DIRECTION('',(-0.992479534599,0.,0.122410675199));
#1226 = ORIENTED_EDGE('',*,*,#1187,.F.);
#1227 = ORIENTED_EDGE('',*,*,#1221,.F.);
#1228 = CONICAL_SURFACE('',#1229,15.90198285967,1.448077863764);
#1229 = AXIS2_PLACEMENT_3D('',#1230,#1231,#1232);
#1230 = CARTESIAN_POINT('',(0.,0.,120.00481527332));
#1231 = DIRECTION('',(-0.,-0.,-1.));
#1232 = DIRECTION('',(1.,0.,-0.));
#1233 = ADVANCED_FACE('',(#1234),#1253,.T.);
#1234 = FACE_BOUND('',#1235,.T.);
#1235 = EDGE_LOOP('',(#1236,#1245,#1251,#1252));
#1236 = ORIENTED_EDGE('',*,*,#1237,.T.);
#1237 = EDGE_CURVE('',#1238,#1238,#1240,.T.);
#1238 = VERTEX_POINT('',#1239);
#1239 = CARTESIAN_POINT('',(15.950932325673,0.,120.00120454379));
#1240 = CIRCLE('',#1241,15.950932325673);
#1241 = AXIS2_PLACEMENT_3D('',#1242,#1243,#1244);
#1242 = CARTESIAN_POINT('',(0.,0.,120.00120454379));
#1243 = DIRECTION('',(0.,0.,1.));
#1244 = DIRECTION('',(1.,0.,-0.));
#1245 = ORIENTED_EDGE('',*,*,#1246,.T.);
#1246 = EDGE_CURVE('',#1238,#1213,#1247,.T.);
#1247 = LINE('',#1248,#1249);
#1248 = CARTESIAN_POINT('',(15.950932325673,0.,120.00120454379));
#1249 = VECTOR('',#1250,1.);
#1250 = DIRECTION('',(-0.997290456679,0.,7.356456359976E-02));
#1251 = ORIENTED_EDGE('',*,*,#1212,.F.);
#1252 = ORIENTED_EDGE('',*,*,#1246,.F.);
#1253 = CONICAL_SURFACE('',#1254,15.950932325673,1.497165248976);
#1254 = AXIS2_PLACEMENT_3D('',#1255,#1256,#1257);
#1255 = CARTESIAN_POINT('',(0.,0.,120.00120454379));
#1256 = DIRECTION('',(-0.,-0.,-1.));
#1257 = DIRECTION('',(1.,0.,-0.));
#1258 = ADVANCED_FACE('',(#1259),#1278,.T.);
#1259 = FACE_BOUND('',#1260,.T.);
#1260 = EDGE_LOOP('',(#1261,#1270,#1276,#1277));
#1261 = ORIENTED_EDGE('',*,*,#1262,.T.);
#1262 = EDGE_CURVE('',#1263,#1263,#1265,.T.);
#1263 = VERTEX_POINT('',#1264);
#1264 = CARTESIAN_POINT('',(16.,0.,120.));
#1265 = CIRCLE('',#1266,16.);
#1266 = AXIS2_PLACEMENT_3D('',#1267,#1268,#1269);
#1267 = CARTESIAN_POINT('',(0.,0.,120.));
#1268 = DIRECTION('',(0.,0.,1.));
#1269 = DIRECTION('',(1.,0.,-0.));
#1270 = ORIENTED_EDGE('',*,*,#1271,.T.);
#1271 = EDGE_CURVE('',#1263,#1238,#1272,.T.);
#1272 = LINE('',#1273,#1274);
#1273 = CARTESIAN_POINT('',(16.,0.,120.));
#1274 = VECTOR('',#1275,1.);
#1275 = DIRECTION('',(-0.999698818696,0.,2.454122852291E-02));
#1276 = ORIENTED_EDGE('',*,*,#1237,.F.);
#1277 = ORIENTED_EDGE('',*,*,#1271,.F.);
#1278 = CONICAL_SURFACE('',#1279,16.,1.546252634189);
#1279 = AXIS2_PLACEMENT_3D('',#1280,#1281,#1282);
#1280 = CARTESIAN_POINT('',(0.,0.,120.));
#1281 = DIRECTION('',(-0.,-0.,-1.));
#1282 = DIRECTION('',(1.,0.,-0.));
#1283 = ADVANCED_FACE('',(#1284),#1303,.T.);
#1284 = FACE_BOUND('',#1285,.T.);
#1285 = EDGE_LOOP('',(#1286,#1295,#1301,#1302));
#1286 = ORIENTED_EDGE('',*,*,#1287,.T.);
#1287 = EDGE_CURVE('',#1288,#1288,#1290,.T.);
#1288 = VERTEX_POINT('',#1289);
#1289 = CARTESIAN_POINT('',(17.,0.,119.));
#1290 = CIRCLE('',#1291,17.);
#1291 = AXIS2_PLACEMENT_3D('',#1292,#1293,#1294);
#1292 = CARTESIAN_POINT('',(0.,0.,119.));
#1293 = DIRECTION('',(0.,0.,1.));
#1294 = DIRECTION('',(1.,0.,-0.));
#1295 = ORIENTED_EDGE('',*,*,#1296,.T.);
#1296 = EDGE_CURVE('',#1288,#1263,#1297,.T.);
#1297 = LINE('',#1298,#1299);
#1298 = CARTESIAN_POINT('',(17.,0.,119.));
#1299 = VECTOR('',#1300,1.);
#1300 = DIRECTION('',(-0.707106781187,0.,0.707106781187));
#1301 = ORIENTED_EDGE('',*,*,#1262,.F.);
#1302 = ORIENTED_EDGE('',*,*,#1296,.F.);
#1303 = CONICAL_SURFACE('',#1304,17.,0.785398163397);
#1304 = AXIS2_PLACEMENT_3D('',#1305,#1306,#1307);
#1305 = CARTESIAN_POINT('',(0.,0.,119.));
#1306 = DIRECTION('',(-0.,-0.,-1.));
#1307 = DIRECTION('',(1.,0.,-0.));
#1308 = ADVANCED_FACE('',(#1309),#1328,.T.);
#1309 = FACE_BOUND('',#1310,.T.);
#1310 = EDGE_LOOP('',(#1311,#1320,#1326,#1327));
#1311 = ORIENTED_EDGE('',*,*,#1312,.T.);
#1312 = EDGE_CURVE('',#1313,#1313,#1315,.T.);
#1313 = VERTEX_POINT('',#1314);
#1314 = CARTESIAN_POINT('',(17.,0.,61.));
#1315 = CIRCLE('',#1316,17.);
#1316 = AXIS2_PLACEMENT_3D('',#1317,#1318,#1319);
#1317 = CARTESIAN_POINT('',(0.,0.,61.));
#1318 = DIRECTION('',(0.,0.,1.));
#1319 = DIRECTION('',(1.,0.,-0.));
#1320 = ORIENTED_EDGE('',*,*,#1321,.T.);
#1321 = EDGE_CURVE('',#1313,#1288,#1322,.T.);
#1322 = LINE('',#1323,#1324);
#1323 = CARTESIAN_POINT('',(17.,0.,61.));
#1324 = VECTOR('',#1325,1.);
#1325 = DIRECTION('',(0.,0.,1.));
#1326 = ORIENTED_EDGE('',*,*,#1287,.F.);
#1327 = ORIENTED_EDGE('',*,*,#1321,.F.);
#1328 = CYLINDRICAL_SURFACE('',#1329,17.);
#1329 = AXIS2_PLACEMENT_3D('',#1330,#1331,#1332);
#1330 = CARTESIAN_POINT('',(0.,0.,61.));
#1331 = DIRECTION('',(0.,0.,1.));
#1332 = DIRECTION('',(1.,0.,-0.));
#1333 = ADVANCED_FACE('',(#1334),#1353,.T.);
#1334 = FACE_BOUND('',#1335,.T.);
#1335 = EDGE_LOOP('',(#1336,#1345,#1351,#1352));
#1336 = ORIENTED_EDGE('',*,*,#1337,.T.);
#1337 = EDGE_CURVE('',#1338,#1338,#1340,.T.);
#1338 = VERTEX_POINT('',#1339);
#1339 = CARTESIAN_POINT('',(16.,0.,60.));
#1340 = CIRCLE('',#1341,16.);
#1341 = AXIS2_PLACEMENT_3D('',#1342,#1343,#1344);
#1342 = CARTESIAN_POINT('',(0.,0.,60.));
#1343 = DIRECTION('',(0.,0.,1.));
#1344 = DIRECTION('',(1.,0.,-0.));
#1345 = ORIENTED_EDGE('',*,*,#1346,.T.);
#1346 = EDGE_CURVE('',#1338,#1313,#1347,.T.);
#1347 = LINE('',#1348,#1349);
#1348 = CARTESIAN_POINT('',(16.,0.,60.));
#1349 = VECTOR('',#1350,1.);
#1350 = DIRECTION('',(0.707106781187,0.,0.707106781187));
#1351 = ORIENTED_EDGE('',*,*,#1312,.F.);
#1352 = ORIENTED_EDGE('',*,*,#1346,.F.);
#1353 = CONICAL_SURFACE('',#1354,16.,0.785398163397);
#1354 = AXIS2_PLACEMENT_3D('',#1355,#1356,#1357);
#1355 = CARTESIAN_POINT('',(0.,0.,60.));
#1356 = DIRECTION('',(0.,0.,1.));
#1357 = DIRECTION('',(1.,0.,-0.));
#1358 = ADVANCED_FACE('',(#1359),#1378,.T.);
#1359 = FACE_BOUND('',#1360,.T.);
#1360 = EDGE_LOOP('',(#1361,#1370,#1376,#1377));
#1361 = ORIENTED_EDGE('',*,*,#1362,.T.);
#1362 = EDGE_CURVE('',#1363,#1363,#1365,.T.);
#1363 = VERTEX_POINT('',#1364);
#1364 = CARTESIAN_POINT('',(15.950932325673,0.,59.998795456205));
#1365 = CIRCLE('',#1366,15.950932325673);
#1366 = AXIS2_PLACEMENT_3D('',#1367,#1368,#1369);
#1367 = CARTESIAN_POINT('',(0.,0.,59.998795456205));
#1368 = DIRECTION('',(0.,0.,1.));
#1369 = DIRECTION('',(1.,0.,-0.));
#1370 = ORIENTED_EDGE('',*,*,#1371,.T.);
#1371 = EDGE_CURVE('',#1363,#1338,#1372,.T.);
#1372 = LINE('',#1373,#1374);
#1373 = CARTESIAN_POINT('',(15.950932325673,0.,59.998795456205));
#1374 = VECTOR('',#1375,1.);
#1375 = DIRECTION('',(0.999698818696,0.,2.454122852291E-02));
#1376 = ORIENTED_EDGE('',*,*,#1337,.F.);
#1377 = ORIENTED_EDGE('',*,*,#1371,.F.);
#1378 = CONICAL_SURFACE('',#1379,15.950932325673,1.546252634189);
#1379 = AXIS2_PLACEMENT_3D('',#1380,#1381,#1382);
#1380 = CARTESIAN_POINT('',(0.,0.,59.998795456205));
#1381 = DIRECTION('',(0.,0.,1.));
#1382 = DIRECTION('',(1.,0.,-0.));
#1383 = ADVANCED_FACE('',(#1384),#1403,.T.);
#1384 = FACE_BOUND('',#1385,.T.);
#1385 = EDGE_LOOP('',(#1386,#1395,#1401,#1402));
#1386 = ORIENTED_EDGE('',*,*,#1387,.T.);
#1387 = EDGE_CURVE('',#1388,#1388,#1390,.T.);
#1388 = VERTEX_POINT('',#1389);
#1389 = CARTESIAN_POINT('',(15.90198285967,0.,59.995184726672));
#1390 = CIRCLE('',#1391,15.90198285967);
#1391 = AXIS2_PLACEMENT_3D('',#1392,#1393,#1394);
#1392 = CARTESIAN_POINT('',(0.,0.,59.995184726672));
#1393 = DIRECTION('',(0.,0.,1.));
#1394 = DIRECTION('',(1.,0.,-0.));
#1395 = ORIENTED_EDGE('',*,*,#1396,.T.);
#1396 = EDGE_CURVE('',#1388,#1363,#1397,.T.);
#1397 = LINE('',#1398,#1399);
#1398 = CARTESIAN_POINT('',(15.90198285967,0.,59.995184726672));
#1399 = VECTOR('',#1400,1.);
#1400 = DIRECTION('',(0.997290456679,0.,7.356456359961E-02));
#1401 = ORIENTED_EDGE('',*,*,#1362,.F.);
#1402 = ORIENTED_EDGE('',*,*,#1396,.F.);
#1403 = CONICAL_SURFACE('',#1404,15.90198285967,1.497165248976);
#1404 = AXIS2_PLACEMENT_3D('',#1405,#1406,#1407);
#1405 = CARTESIAN_POINT('',(0.,0.,59.995184726672));
#1406 = DIRECTION('',(0.,0.,1.));
#1407 = DIRECTION('',(1.,0.,-0.));
#1408 = ADVANCED_FACE('',(#1409),#1428,.T.);
#1409 = FACE_BOUND('',#1410,.T.);
#1410 = EDGE_LOOP('',(#1411,#1420,#1426,#1427));
#1411 = ORIENTED_EDGE('',*,*,#1412,.T.);
#1412 = EDGE_CURVE('',#1413,#1413,#1415,.T.);
#1413 = VERTEX_POINT('',#1414);
#1414 = CARTESIAN_POINT('',(15.853269525545,0.,59.989176509965));
#1415 = CIRCLE('',#1416,15.853269525545);
#1416 = AXIS2_PLACEMENT_3D('',#1417,#1418,#1419);
#1417 = CARTESIAN_POINT('',(0.,0.,59.989176509965));
#1418 = DIRECTION('',(0.,0.,1.));
#1419 = DIRECTION('',(1.,0.,-0.));
#1420 = ORIENTED_EDGE('',*,*,#1421,.T.);
#1421 = EDGE_CURVE('',#1413,#1388,#1422,.T.);
#1422 = LINE('',#1423,#1424);
#1423 = CARTESIAN_POINT('',(15.853269525545,0.,59.989176509965));
#1424 = VECTOR('',#1425,1.);
#1425 = DIRECTION('',(0.992479534599,0.,0.122410675199));
#1426 = ORIENTED_EDGE('',*,*,#1387,.F.);
#1427 = ORIENTED_EDGE('',*,*,#1421,.F.);
#1428 = CONICAL_SURFACE('',#1429,15.853269525545,1.448077863764);
#1429 = AXIS2_PLACEMENT_3D('',#1430,#1431,#1432);
#1430 = CARTESIAN_POINT('',(0.,0.,59.989176509965));
#1431 = DIRECTION('',(0.,0.,1.));
#1432 = DIRECTION('',(1.,0.,-0.));
#1433 = ADVANCED_FACE('',(#1434),#1453,.T.);
#1434 = FACE_BOUND('',#1435,.T.);
#1435 = EDGE_LOOP('',(#1436,#1445,#1451,#1452));
#1436 = ORIENTED_EDGE('',*,*,#1437,.T.);
#1437 = EDGE_CURVE('',#1438,#1438,#1440,.T.);
#1438 = VERTEX_POINT('',#1439);
#1439 = CARTESIAN_POINT('',(15.804909677984,0.,59.980785280403));
#1440 = CIRCLE('',#1441,15.804909677984);
#1441 = AXIS2_PLACEMENT_3D('',#1442,#1443,#1444);
#1442 = CARTESIAN_POINT('',(0.,0.,59.980785280403));
#1443 = DIRECTION('',(0.,0.,1.));
#1444 = DIRECTION('',(1.,0.,-0.));
#1445 = ORIENTED_EDGE('',*,*,#1446,.T.);
#1446 = EDGE_CURVE('',#1438,#1413,#1447,.T.);
#1447 = LINE('',#1448,#1449);
#1448 = CARTESIAN_POINT('',(15.804909677984,0.,59.980785280403));
#1449 = VECTOR('',#1450,1.);
#1450 = DIRECTION('',(0.985277642389,0.,0.17096188876));
#1451 = ORIENTED_EDGE('',*,*,#1412,.F.);
#1452 = ORIENTED_EDGE('',*,*,#1446,.F.);
#1453 = CONICAL_SURFACE('',#1454,15.804909677984,1.398990478552);
#1454 = AXIS2_PLACEMENT_3D('',#1455,#1456,#1457);
#1455 = CARTESIAN_POINT('',(0.,0.,59.980785280403));
#1456 = DIRECTION('',(0.,0.,1.));
#1457 = DIRECTION('',(1.,0.,-0.));
#1458 = ADVANCED_FACE('',(#1459),#1478,.T.);
#1459 = FACE_BOUND('',#1460,.T.);
#1460 = EDGE_LOOP('',(#1461,#1470,#1476,#1477));
#1461 = ORIENTED_EDGE('',*,*,#1462,.T.);
#1462 = EDGE_CURVE('',#1463,#1463,#1465,.T.);
#1463 = VERTEX_POINT('',#1464);
#1464 = CARTESIAN_POINT('',(15.757019820097,0.,59.970031253195));
#1465 = CIRCLE('',#1466,15.757019820097);
#1466 = AXIS2_PLACEMENT_3D('',#1467,#1468,#1469);
#1467 = CARTESIAN_POINT('',(0.,0.,59.970031253195));
#1468 = DIRECTION('',(0.,0.,1.));
#1469 = DIRECTION('',(1.,0.,-0.));
#1470 = ORIENTED_EDGE('',*,*,#1471,.T.);
#1471 = EDGE_CURVE('',#1463,#1438,#1472,.T.);
#1472 = LINE('',#1473,#1474);
#1473 = CARTESIAN_POINT('',(15.757019820097,0.,59.970031253195));
#1474 = VECTOR('',#1475,1.);
#1475 = DIRECTION('',(0.975702130039,0.,0.219101240157));
#1476 = ORIENTED_EDGE('',*,*,#1437,.F.);
#1477 = ORIENTED_EDGE('',*,*,#1471,.F.);
#1478 = CONICAL_SURFACE('',#1479,15.757019820097,1.349903093339);
#1479 = AXIS2_PLACEMENT_3D('',#1480,#1481,#1482);
#1480 = CARTESIAN_POINT('',(0.,0.,59.970031253195));
#1481 = DIRECTION('',(0.,0.,1.));
#1482 = DIRECTION('',(1.,0.,-0.));
#1483 = ADVANCED_FACE('',(#1484),#1503,.T.);
#1484 = FACE_BOUND('',#1485,.T.);
#1485 = EDGE_LOOP('',(#1486,#1495,#1501,#1502));
#1486 = ORIENTED_EDGE('',*,*,#1487,.T.);
#1487 = EDGE_CURVE('',#1488,#1488,#1490,.T.);
#1488 = VERTEX_POINT('',#1489);
#1489 = CARTESIAN_POINT('',(15.709715322746,0.,59.956940335732));
#1490 = CIRCLE('',#1491,15.709715322746);
#1491 = AXIS2_PLACEMENT_3D('',#1492,#1493,#1494);
#1492 = CARTESIAN_POINT('',(0.,0.,59.956940335732));
#1493 = DIRECTION('',(0.,0.,1.));
#1494 = DIRECTION('',(1.,0.,-0.));
#1495 = ORIENTED_EDGE('',*,*,#1496,.T.);
#1496 = EDGE_CURVE('',#1488,#1463,#1497,.T.);
#1497 = LINE('',#1498,#1499);
#1498 = CARTESIAN_POINT('',(15.709715322746,0.,59.956940335732));
#1499 = VECTOR('',#1500,1.);
#1500 = DIRECTION('',(0.963776065795,0.,0.266712757475));
#1501 = ORIENTED_EDGE('',*,*,#1462,.F.);
#1502 = ORIENTED_EDGE('',*,*,#1496,.F.);
#1503 = CONICAL_SURFACE('',#1504,15.709715322746,1.300815708127);
#1504 = AXIS2_PLACEMENT_3D('',#1505,#1506,#1507);
#1505 = CARTESIAN_POINT('',(0.,0.,59.956940335732));
#1506 = DIRECTION('',(0.,0.,1.));
#1507 = DIRECTION('',(1.,0.,-0.));
#1508 = ADVANCED_FACE('',(#1509),#1528,.T.);
#1509 = FACE_BOUND('',#1510,.T.);
#1510 = EDGE_LOOP('',(#1511,#1520,#1526,#1527));
#1511 = ORIENTED_EDGE('',*,*,#1512,.T.);
#1512 = EDGE_CURVE('',#1513,#1513,#1515,.T.);
#1513 = VERTEX_POINT('',#1514);
#1514 = CARTESIAN_POINT('',(15.663110146608,0.,59.941544065183));
#1515 = CIRCLE('',#1516,15.663110146608);
#1516 = AXIS2_PLACEMENT_3D('',#1517,#1518,#1519);
#1517 = CARTESIAN_POINT('',(0.,0.,59.941544065183));
#1518 = DIRECTION('',(0.,0.,1.));
#1519 = DIRECTION('',(1.,0.,-0.));
#1520 = ORIENTED_EDGE('',*,*,#1521,.T.);
#1521 = EDGE_CURVE('',#1513,#1488,#1522,.T.);
#1522 = LINE('',#1523,#1524);
#1523 = CARTESIAN_POINT('',(15.663110146608,0.,59.941544065183));
#1524 = VECTOR('',#1525,1.);
#1525 = DIRECTION('',(0.949528180593,0.,0.313681740399));
#1526 = ORIENTED_EDGE('',*,*,#1487,.F.);
#1527 = ORIENTED_EDGE('',*,*,#1521,.F.);
#1528 = CONICAL_SURFACE('',#1529,15.663110146608,1.251728322915);
#1529 = AXIS2_PLACEMENT_3D('',#1530,#1531,#1532);
#1530 = CARTESIAN_POINT('',(0.,0.,59.941544065183));
#1531 = DIRECTION('',(0.,0.,1.));
#1532 = DIRECTION('',(1.,0.,-0.));
#1533 = ADVANCED_FACE('',(#1534),#1553,.T.);
#1534 = FACE_BOUND('',#1535,.T.);
#1535 = EDGE_LOOP('',(#1536,#1545,#1551,#1552));
#1536 = ORIENTED_EDGE('',*,*,#1537,.T.);
#1537 = EDGE_CURVE('',#1538,#1538,#1540,.T.);
#1538 = VERTEX_POINT('',#1539);
#1539 = CARTESIAN_POINT('',(15.617316567635,0.,59.923879532511));
#1540 = CIRCLE('',#1541,15.617316567635);
#1541 = AXIS2_PLACEMENT_3D('',#1542,#1543,#1544);
#1542 = CARTESIAN_POINT('',(0.,0.,59.923879532511));
#1543 = DIRECTION('',(0.,0.,1.));
#1544 = DIRECTION('',(1.,0.,-0.));
#1545 = ORIENTED_EDGE('',*,*,#1546,.T.);
#1546 = EDGE_CURVE('',#1538,#1513,#1547,.T.);
#1547 = LINE('',#1548,#1549);
#1548 = CARTESIAN_POINT('',(15.617316567635,0.,59.923879532511));
#1549 = VECTOR('',#1550,1.);
#1550 = DIRECTION('',(0.932992798835,0.,0.359895036535));
#1551 = ORIENTED_EDGE('',*,*,#1512,.F.);
#1552 = ORIENTED_EDGE('',*,*,#1546,.F.);
#1553 = CONICAL_SURFACE('',#1554,15.617316567635,1.202640937702);
#1554 = AXIS2_PLACEMENT_3D('',#1555,#1556,#1557);
#1555 = CARTESIAN_POINT('',(0.,0.,59.923879532511));
#1556 = DIRECTION('',(0.,0.,1.));
#1557 = DIRECTION('',(1.,0.,-0.));
#1558 = ADVANCED_FACE('',(#1559),#1578,.T.);
#1559 = FACE_BOUND('',#1560,.T.);
#1560 = EDGE_LOOP('',(#1561,#1570,#1576,#1577));
#1561 = ORIENTED_EDGE('',*,*,#1562,.T.);
#1562 = EDGE_CURVE('',#1563,#1563,#1565,.T.);
#1563 = VERTEX_POINT('',#1564);
#1564 = CARTESIAN_POINT('',(15.57244490657,0.,59.903989293123));
#1565 = CIRCLE('',#1566,15.57244490657);
#1566 = AXIS2_PLACEMENT_3D('',#1567,#1568,#1569);
#1567 = CARTESIAN_POINT('',(0.,0.,59.903989293123));
#1568 = DIRECTION('',(0.,0.,1.));
#1569 = DIRECTION('',(1.,0.,-0.));
#1570 = ORIENTED_EDGE('',*,*,#1571,.T.);
#1571 = EDGE_CURVE('',#1563,#1538,#1572,.T.);
#1572 = LINE('',#1573,#1574);
#1573 = CARTESIAN_POINT('',(15.57244490657,0.,59.903989293123));
#1574 = VECTOR('',#1575,1.);
#1575 = DIRECTION('',(0.914209755704,0.,0.405241314005));
#1576 = ORIENTED_EDGE('',*,*,#1537,.F.);
#1577 = ORIENTED_EDGE('',*,*,#1571,.F.);
#1578 = CONICAL_SURFACE('',#1579,15.57244490657,1.15355355249);
#1579 = AXIS2_PLACEMENT_3D('',#1580,#1581,#1582);
#1580 = CARTESIAN_POINT('',(0.,0.,59.903989293123));
#1581 = DIRECTION('',(0.,0.,1.));
#1582 = DIRECTION('',(1.,0.,-0.));
#1583 = ADVANCED_FACE('',(#1584),#1603,.T.);
#1584 = FACE_BOUND('',#1585,.T.);
#1585 = EDGE_LOOP('',(#1586,#1595,#1601,#1602));
#1586 = ORIENTED_EDGE('',*,*,#1587,.T.);
#1587 = EDGE_CURVE('',#1588,#1588,#1590,.T.);
#1588 = VERTEX_POINT('',#1589);
#1589 = CARTESIAN_POINT('',(15.528603263174,0.,59.881921264348));
#1590 = CIRCLE('',#1591,15.528603263174);
#1591 = AXIS2_PLACEMENT_3D('',#1592,#1593,#1594);
#1592 = CARTESIAN_POINT('',(0.,0.,59.881921264348));
#1593 = DIRECTION('',(0.,0.,1.));
#1594 = DIRECTION('',(1.,0.,-0.));
#1595 = ORIENTED_EDGE('',*,*,#1596,.T.);
#1596 = EDGE_CURVE('',#1588,#1563,#1597,.T.);
#1597 = LINE('',#1598,#1599);
#1598 = CARTESIAN_POINT('',(15.528603263174,0.,59.881921264348));
#1599 = VECTOR('',#1600,1.);
#1600 = DIRECTION('',(0.893224301196,0.,0.449611329655));
#1601 = ORIENTED_EDGE('',*,*,#1562,.F.);
#1602 = ORIENTED_EDGE('',*,*,#1596,.F.);
#1603 = CONICAL_SURFACE('',#1604,15.528603263174,1.104466167278);
#1604 = AXIS2_PLACEMENT_3D('',#1605,#1606,#1607);
#1605 = CARTESIAN_POINT('',(0.,0.,59.881921264348));
#1606 = DIRECTION('',(0.,0.,1.));
#1607 = DIRECTION('',(1.,0.,-0.));
#1608 = ADVANCED_FACE('',(#1609),#1628,.T.);
#1609 = FACE_BOUND('',#1610,.T.);
#1610 = EDGE_LOOP('',(#1611,#1620,#1626,#1627));
#1611 = ORIENTED_EDGE('',*,*,#1612,.T.);
#1612 = EDGE_CURVE('',#1613,#1613,#1615,.T.);
#1613 = VERTEX_POINT('',#1614);
#1614 = CARTESIAN_POINT('',(15.485897255807,0.,59.85772861));
#1615 = CIRCLE('',#1616,15.485897255807);
#1616 = AXIS2_PLACEMENT_3D('',#1617,#1618,#1619);
#1617 = CARTESIAN_POINT('',(0.,0.,59.85772861));
#1618 = DIRECTION('',(0.,0.,1.));
#1619 = DIRECTION('',(1.,0.,-0.));
#1620 = ORIENTED_EDGE('',*,*,#1621,.T.);
#1621 = EDGE_CURVE('',#1613,#1588,#1622,.T.);
#1622 = LINE('',#1623,#1624);
#1623 = CARTESIAN_POINT('',(15.485897255807,0.,59.85772861));
#1624 = VECTOR('',#1625,1.);
#1625 = DIRECTION('',(0.870086991109,0.,0.49289819223));
#1626 = ORIENTED_EDGE('',*,*,#1587,.F.);
#1627 = ORIENTED_EDGE('',*,*,#1621,.F.);
#1628 = CONICAL_SURFACE('',#1629,15.485897255807,1.055378782065);
#1629 = AXIS2_PLACEMENT_3D('',#1630,#1631,#1632);
#1630 = CARTESIAN_POINT('',(0.,0.,59.85772861));
#1631 = DIRECTION('',(0.,0.,1.));
#1632 = DIRECTION('',(1.,0.,-0.));
#1633 = ADVANCED_FACE('',(#1634),#1653,.T.);
#1634 = FACE_BOUND('',#1635,.T.);
#1635 = EDGE_LOOP('',(#1636,#1645,#1651,#1652));
#1636 = ORIENTED_EDGE('',*,*,#1637,.T.);
#1637 = EDGE_CURVE('',#1638,#1638,#1640,.T.);
#1638 = VERTEX_POINT('',#1639);
#1639 = CARTESIAN_POINT('',(15.44442976698,0.,59.831469612303));
#1640 = CIRCLE('',#1641,15.44442976698);
#1641 = AXIS2_PLACEMENT_3D('',#1642,#1643,#1644);
#1642 = CARTESIAN_POINT('',(0.,0.,59.831469612303));
#1643 = DIRECTION('',(0.,0.,1.));
#1644 = DIRECTION('',(1.,0.,-0.));
#1645 = ORIENTED_EDGE('',*,*,#1646,.T.);
#1646 = EDGE_CURVE('',#1638,#1613,#1647,.T.);
#1647 = LINE('',#1648,#1649);
#1648 = CARTESIAN_POINT('',(15.44442976698,0.,59.831469612303));
#1649 = VECTOR('',#1650,1.);
#1650 = DIRECTION('',(0.84485356525,0.,0.534997619887));
#1651 = ORIENTED_EDGE('',*,*,#1612,.F.);
#1652 = ORIENTED_EDGE('',*,*,#1646,.F.);
#1653 = CONICAL_SURFACE('',#1654,15.44442976698,1.006291396853);
#1654 = AXIS2_PLACEMENT_3D('',#1655,#1656,#1657);
#1655 = CARTESIAN_POINT('',(0.,0.,59.831469612303));
#1656 = DIRECTION('',(0.,0.,1.));
#1657 = DIRECTION('',(1.,0.,-0.));
#1658 = ADVANCED_FACE('',(#1659),#1678,.T.);
#1659 = FACE_BOUND('',#1660,.T.);
#1660 = EDGE_LOOP('',(#1661,#1670,#1676,#1677));
#1661 = ORIENTED_EDGE('',*,*,#1662,.T.);
#1662 = EDGE_CURVE('',#1663,#1663,#1665,.T.);
#1663 = VERTEX_POINT('',#1664);
#1664 = CARTESIAN_POINT('',(15.404300695508,0.,59.803207531481));
#1665 = CIRCLE('',#1666,15.404300695508);
#1666 = AXIS2_PLACEMENT_3D('',#1667,#1668,#1669);
#1667 = CARTESIAN_POINT('',(0.,0.,59.803207531481));
#1668 = DIRECTION('',(0.,0.,1.));
#1669 = DIRECTION('',(1.,0.,-0.));
#1670 = ORIENTED_EDGE('',*,*,#1671,.T.);
#1671 = EDGE_CURVE('',#1663,#1638,#1672,.T.);
#1672 = LINE('',#1673,#1674);
#1673 = CARTESIAN_POINT('',(15.404300695508,0.,59.803207531481));
#1674 = VECTOR('',#1675,1.);
#1675 = DIRECTION('',(0.817584813152,0.,0.575808191418));
#1676 = ORIENTED_EDGE('',*,*,#1637,.F.);
#1677 = ORIENTED_EDGE('',*,*,#1671,.F.);
#1678 = CONICAL_SURFACE('',#1679,15.404300695508,0.957204011641);
#1679 = AXIS2_PLACEMENT_3D('',#1680,#1681,#1682);
#1680 = CARTESIAN_POINT('',(0.,0.,59.803207531481));
#1681 = DIRECTION('',(0.,0.,1.));
#1682 = DIRECTION('',(1.,0.,-0.));
#1683 = ADVANCED_FACE('',(#1684),#1703,.T.);
#1684 = FACE_BOUND('',#1685,.T.);
#1685 = EDGE_LOOP('',(#1686,#1695,#1701,#1702));
#1686 = ORIENTED_EDGE('',*,*,#1687,.T.);
#1687 = EDGE_CURVE('',#1688,#1688,#1690,.T.);
#1688 = VERTEX_POINT('',#1689);
#1689 = CARTESIAN_POINT('',(15.365606715836,0.,59.773010453363));
#1690 = CIRCLE('',#1691,15.365606715836);
#1691 = AXIS2_PLACEMENT_3D('',#1692,#1693,#1694);
#1692 = CARTESIAN_POINT('',(0.,0.,59.773010453363));
#1693 = DIRECTION('',(0.,0.,1.));
#1694 = DIRECTION('',(1.,0.,-0.));
#1695 = ORIENTED_EDGE('',*,*,#1696,.T.);
#1696 = EDGE_CURVE('',#1688,#1663,#1697,.T.);
#1697 = LINE('',#1698,#1699);
#1698 = CARTESIAN_POINT('',(15.365606715836,0.,59.773010453363));
#1699 = VECTOR('',#1700,1.);
#1700 = DIRECTION('',(0.788346427627,0.,0.615231590581));
#1701 = ORIENTED_EDGE('',*,*,#1662,.F.);
#1702 = ORIENTED_EDGE('',*,*,#1696,.F.);
#1703 = CONICAL_SURFACE('',#1704,15.365606715836,0.908116626428);
#1704 = AXIS2_PLACEMENT_3D('',#1705,#1706,#1707);
#1705 = CARTESIAN_POINT('',(0.,0.,59.773010453363));
#1706 = DIRECTION('',(0.,0.,1.));
#1707 = DIRECTION('',(1.,0.,-0.));
#1708 = ADVANCED_FACE('',(#1709),#1728,.T.);
#1709 = FACE_BOUND('',#1710,.T.);
#1710 = EDGE_LOOP('',(#1711,#1720,#1726,#1727));
#1711 = ORIENTED_EDGE('',*,*,#1712,.T.);
#1712 = EDGE_CURVE('',#1713,#1713,#1715,.T.);
#1713 = VERTEX_POINT('',#1714);
#1714 = CARTESIAN_POINT('',(15.328441045153,0.,59.740951125355));
#1715 = CIRCLE('',#1716,15.328441045153);
#1716 = AXIS2_PLACEMENT_3D('',#1717,#1718,#1719);
#1717 = CARTESIAN_POINT('',(0.,0.,59.740951125355));
#1718 = DIRECTION('',(0.,0.,1.));
#1719 = DIRECTION('',(1.,0.,-0.));
#1720 = ORIENTED_EDGE('',*,*,#1721,.T.);
#1721 = EDGE_CURVE('',#1713,#1688,#1722,.T.);
#1722 = LINE('',#1723,#1724);
#1723 = CARTESIAN_POINT('',(15.328441045153,0.,59.740951125355));
#1724 = VECTOR('',#1725,1.);
#1725 = DIRECTION('',(0.757208846507,0.,0.653172842954));
#1726 = ORIENTED_EDGE('',*,*,#1687,.F.);
#1727 = ORIENTED_EDGE('',*,*,#1721,.F.);
#1728 = CONICAL_SURFACE('',#1729,15.328441045153,0.859029241216);
#1729 = AXIS2_PLACEMENT_3D('',#1730,#1731,#1732);
#1730 = CARTESIAN_POINT('',(0.,0.,59.740951125355));
#1731 = DIRECTION('',(0.,0.,1.));
#1732 = DIRECTION('',(1.,0.,-0.));
#1733 = ADVANCED_FACE('',(#1734),#1753,.T.);
#1734 = FACE_BOUND('',#1735,.T.);
#1735 = EDGE_LOOP('',(#1736,#1745,#1751,#1752));
#1736 = ORIENTED_EDGE('',*,*,#1737,.T.);
#1737 = EDGE_CURVE('',#1738,#1738,#1740,.T.);
#1738 = VERTEX_POINT('',#1739);
#1739 = CARTESIAN_POINT('',(15.292893218813,0.,59.707106781187));
#1740 = CIRCLE('',#1741,15.292893218813);
#1741 = AXIS2_PLACEMENT_3D('',#1742,#1743,#1744);
#1742 = CARTESIAN_POINT('',(0.,0.,59.707106781187));
#1743 = DIRECTION('',(0.,0.,1.));
#1744 = DIRECTION('',(1.,0.,-0.));
#1745 = ORIENTED_EDGE('',*,*,#1746,.T.);
#1746 = EDGE_CURVE('',#1738,#1713,#1747,.T.);
#1747 = LINE('',#1748,#1749);
#1748 = CARTESIAN_POINT('',(15.292893218813,0.,59.707106781187));
#1749 = VECTOR('',#1750,1.);
#1750 = DIRECTION('',(0.724247082951,0.,0.689540544737));
#1751 = ORIENTED_EDGE('',*,*,#1712,.F.);
#1752 = ORIENTED_EDGE('',*,*,#1746,.F.);
#1753 = CONICAL_SURFACE('',#1754,15.292893218813,0.809941856004);
#1754 = AXIS2_PLACEMENT_3D('',#1755,#1756,#1757);
#1755 = CARTESIAN_POINT('',(0.,0.,59.707106781187));
#1756 = DIRECTION('',(0.,0.,1.));
#1757 = DIRECTION('',(1.,0.,-0.));
#1758 = ADVANCED_FACE('',(#1759),#1778,.T.);
#1759 = FACE_BOUND('',#1760,.T.);
#1760 = EDGE_LOOP('',(#1761,#1770,#1776,#1777));
#1761 = ORIENTED_EDGE('',*,*,#1762,.T.);
#1762 = EDGE_CURVE('',#1763,#1763,#1765,.T.);
#1763 = VERTEX_POINT('',#1764);
#1764 = CARTESIAN_POINT('',(15.259048874645,0.,59.671558954847));
#1765 = CIRCLE('',#1766,15.259048874645);
#1766 = AXIS2_PLACEMENT_3D('',#1767,#1768,#1769);
#1767 = CARTESIAN_POINT('',(0.,0.,59.671558954847));
#1768 = DIRECTION('',(0.,0.,1.));
#1769 = DIRECTION('',(1.,0.,-0.));
#1770 = ORIENTED_EDGE('',*,*,#1771,.T.);
#1771 = EDGE_CURVE('',#1763,#1738,#1772,.T.);
#1772 = LINE('',#1773,#1774);
#1773 = CARTESIAN_POINT('',(15.259048874645,0.,59.671558954847));
#1774 = VECTOR('',#1775,1.);
#1775 = DIRECTION('',(0.689540544737,0.,0.724247082951));
#1776 = ORIENTED_EDGE('',*,*,#1737,.F.);
#1777 = ORIENTED_EDGE('',*,*,#1771,.F.);
#1778 = CONICAL_SURFACE('',#1779,15.259048874645,0.760854470791);
#1779 = AXIS2_PLACEMENT_3D('',#1780,#1781,#1782);
#1780 = CARTESIAN_POINT('',(0.,0.,59.671558954847));
#1781 = DIRECTION('',(0.,0.,1.));
#1782 = DIRECTION('',(1.,0.,-0.));
#1783 = ADVANCED_FACE('',(#1784),#1803,.T.);
#1784 = FACE_BOUND('',#1785,.T.);
#1785 = EDGE_LOOP('',(#1786,#1795,#1801,#1802));
#1786 = ORIENTED_EDGE('',*,*,#1787,.T.);
#1787 = EDGE_CURVE('',#1788,#1788,#1790,.T.);
#1788 = VERTEX_POINT('',#1789);
#1789 = CARTESIAN_POINT('',(15.226989546637,0.,59.634393284164));
#1790 = CIRCLE('',#1791,15.226989546637);
#1791 = AXIS2_PLACEMENT_3D('',#1792,#1793,#1794);
#1792 = CARTESIAN_POINT('',(0.,0.,59.634393284164));
#1793 = DIRECTION('',(0.,0.,1.));
#1794 = DIRECTION('',(1.,0.,-0.));
#1795 = ORIENTED_EDGE('',*,*,#1796,.T.);
#1796 = EDGE_CURVE('',#1788,#1763,#1797,.T.);
#1797 = LINE('',#1798,#1799);
#1798 = CARTESIAN_POINT('',(15.226989546637,0.,59.634393284164));
#1799 = VECTOR('',#1800,1.);
#1800 = DIRECTION('',(0.653172842954,0.,0.757208846507));
#1801 = ORIENTED_EDGE('',*,*,#1762,.F.);
#1802 = ORIENTED_EDGE('',*,*,#1796,.F.);
#1803 = CONICAL_SURFACE('',#1804,15.226989546637,0.711767085579);
#1804 = AXIS2_PLACEMENT_3D('',#1805,#1806,#1807);
#1805 = CARTESIAN_POINT('',(0.,0.,59.634393284164));
#1806 = DIRECTION('',(0.,0.,1.));
#1807 = DIRECTION('',(1.,0.,-0.));
#1808 = ADVANCED_FACE('',(#1809),#1828,.T.);
#1809 = FACE_BOUND('',#1810,.T.);
#1810 = EDGE_LOOP('',(#1811,#1820,#1826,#1827));
#1811 = ORIENTED_EDGE('',*,*,#1812,.T.);
#1812 = EDGE_CURVE('',#1813,#1813,#1815,.T.);
#1813 = VERTEX_POINT('',#1814);
#1814 = CARTESIAN_POINT('',(15.196792468519,0.,59.595699304492));
#1815 = CIRCLE('',#1816,15.196792468519);
#1816 = AXIS2_PLACEMENT_3D('',#1817,#1818,#1819);
#1817 = CARTESIAN_POINT('',(0.,0.,59.595699304492));
#1818 = DIRECTION('',(0.,0.,1.));
#1819 = DIRECTION('',(1.,0.,-0.));
#1820 = ORIENTED_EDGE('',*,*,#1821,.T.);
#1821 = EDGE_CURVE('',#1813,#1788,#1822,.T.);
#1822 = LINE('',#1823,#1824);
#1823 = CARTESIAN_POINT('',(15.196792468519,0.,59.595699304492));
#1824 = VECTOR('',#1825,1.);
#1825 = DIRECTION('',(0.615231590581,0.,0.788346427627));
#1826 = ORIENTED_EDGE('',*,*,#1787,.F.);
#1827 = ORIENTED_EDGE('',*,*,#1821,.F.);
#1828 = CONICAL_SURFACE('',#1829,15.196792468519,0.662679700367);
#1829 = AXIS2_PLACEMENT_3D('',#1830,#1831,#1832);
#1830 = CARTESIAN_POINT('',(0.,0.,59.595699304492));
#1831 = DIRECTION('',(0.,0.,1.));
#1832 = DIRECTION('',(1.,0.,-0.));
#1833 = ADVANCED_FACE('',(#1834),#1853,.T.);
#1834 = FACE_BOUND('',#1835,.T.);
#1835 = EDGE_LOOP('',(#1836,#1845,#1851,#1852));
#1836 = ORIENTED_EDGE('',*,*,#1837,.T.);
#1837 = EDGE_CURVE('',#1838,#1838,#1840,.T.);
#1838 = VERTEX_POINT('',#1839);
#1839 = CARTESIAN_POINT('',(15.168530387697,0.,59.55557023302));
#1840 = CIRCLE('',#1841,15.168530387697);
#1841 = AXIS2_PLACEMENT_3D('',#1842,#1843,#1844);
#1842 = CARTESIAN_POINT('',(0.,0.,59.55557023302));
#1843 = DIRECTION('',(0.,0.,1.));
#1844 = DIRECTION('',(1.,0.,-0.));
#1845 = ORIENTED_EDGE('',*,*,#1846,.T.);
#1846 = EDGE_CURVE('',#1838,#1813,#1847,.T.);
#1847 = LINE('',#1848,#1849);
#1848 = CARTESIAN_POINT('',(15.168530387697,0.,59.55557023302));
#1849 = VECTOR('',#1850,1.);
#1850 = DIRECTION('',(0.575808191418,0.,0.817584813152));
#1851 = ORIENTED_EDGE('',*,*,#1812,.F.);
#1852 = ORIENTED_EDGE('',*,*,#1846,.F.);
#1853 = CONICAL_SURFACE('',#1854,15.168530387697,0.613592315154);
#1854 = AXIS2_PLACEMENT_3D('',#1855,#1856,#1857);
#1855 = CARTESIAN_POINT('',(0.,0.,59.55557023302));
#1856 = DIRECTION('',(0.,0.,1.));
#1857 = DIRECTION('',(1.,0.,-0.));
#1858 = ADVANCED_FACE('',(#1859),#1878,.T.);
#1859 = FACE_BOUND('',#1860,.T.);
#1860 = EDGE_LOOP('',(#1861,#1870,#1876,#1877));
#1861 = ORIENTED_EDGE('',*,*,#1862,.T.);
#1862 = EDGE_CURVE('',#1863,#1863,#1865,.T.);
#1863 = VERTEX_POINT('',#1864);
#1864 = CARTESIAN_POINT('',(15.14227139,0.,59.514102744193));
#1865 = CIRCLE('',#1866,15.14227139);
#1866 = AXIS2_PLACEMENT_3D('',#1867,#1868,#1869);
#1867 = CARTESIAN_POINT('',(0.,0.,59.514102744193));
#1868 = DIRECTION('',(0.,0.,1.));
#1869 = DIRECTION('',(1.,0.,-0.));
#1870 = ORIENTED_EDGE('',*,*,#1871,.T.);
#1871 = EDGE_CURVE('',#1863,#1838,#1872,.T.);
#1872 = LINE('',#1873,#1874);
#1873 = CARTESIAN_POINT('',(15.14227139,0.,59.514102744193));
#1874 = VECTOR('',#1875,1.);
#1875 = DIRECTION('',(0.534997619887,0.,0.84485356525));
#1876 = ORIENTED_EDGE('',*,*,#1837,.F.);
#1877 = ORIENTED_EDGE('',*,*,#1871,.F.);
#1878 = CONICAL_SURFACE('',#1879,15.14227139,0.564504929942);
#1879 = AXIS2_PLACEMENT_3D('',#1880,#1881,#1882);
#1880 = CARTESIAN_POINT('',(0.,0.,59.514102744193));
#1881 = DIRECTION('',(0.,0.,1.));
#1882 = DIRECTION('',(1.,0.,-0.));
#1883 = ADVANCED_FACE('',(#1884),#1903,.T.);
#1884 = FACE_BOUND('',#1885,.T.);
#1885 = EDGE_LOOP('',(#1886,#1895,#1901,#1902));
#1886 = ORIENTED_EDGE('',*,*,#1887,.T.);
#1887 = EDGE_CURVE('',#1888,#1888,#1890,.T.);
#1888 = VERTEX_POINT('',#1889);
#1889 = CARTESIAN_POINT('',(15.118078735652,0.,59.471396736826));
#1890 = CIRCLE('',#1891,15.118078735652);
#1891 = AXIS2_PLACEMENT_3D('',#1892,#1893,#1894);
#1892 = CARTESIAN_POINT('',(0.,0.,59.471396736826));
#1893 = DIRECTION('',(0.,0.,1.));
#1894 = DIRECTION('',(1.,0.,-0.));
#1895 = ORIENTED_EDGE('',*,*,#1896,.T.);
#1896 = EDGE_CURVE('',#1888,#1863,#1897,.T.);
#1897 = LINE('',#1898,#1899);
#1898 = CARTESIAN_POINT('',(15.118078735652,0.,59.471396736826));
#1899 = VECTOR('',#1900,1.);
#1900 = DIRECTION('',(0.49289819223,0.,0.870086991109));
#1901 = ORIENTED_EDGE('',*,*,#1862,.F.);
#1902 = ORIENTED_EDGE('',*,*,#1896,.F.);
#1903 = CONICAL_SURFACE('',#1904,15.118078735652,0.51541754473);
#1904 = AXIS2_PLACEMENT_3D('',#1905,#1906,#1907);
#1905 = CARTESIAN_POINT('',(0.,0.,59.471396736826));
#1906 = DIRECTION('',(0.,0.,1.));
#1907 = DIRECTION('',(1.,0.,-0.));
#1908 = ADVANCED_FACE('',(#1909),#1928,.T.);
#1909 = FACE_BOUND('',#1910,.T.);
#1910 = EDGE_LOOP('',(#1911,#1920,#1926,#1927));
#1911 = ORIENTED_EDGE('',*,*,#1912,.T.);
#1912 = EDGE_CURVE('',#1913,#1913,#1915,.T.);
#1913 = VERTEX_POINT('',#1914);
#1914 = CARTESIAN_POINT('',(15.096010706877,0.,59.42755509343));
#1915 = CIRCLE('',#1916,15.096010706877);
#1916 = AXIS2_PLACEMENT_3D('',#1917,#1918,#1919);
#1917 = CARTESIAN_POINT('',(0.,0.,59.42755509343));
#1918 = DIRECTION('',(0.,0.,1.));
#1919 = DIRECTION('',(1.,0.,-0.));
#1920 = ORIENTED_EDGE('',*,*,#1921,.T.);
#1921 = EDGE_CURVE('',#1913,#1888,#1922,.T.);
#1922 = LINE('',#1923,#1924);
#1923 = CARTESIAN_POINT('',(15.096010706877,0.,59.42755509343));
#1924 = VECTOR('',#1925,1.);
#1925 = DIRECTION('',(0.449611329655,0.,0.893224301196));
#1926 = ORIENTED_EDGE('',*,*,#1887,.F.);
#1927 = ORIENTED_EDGE('',*,*,#1921,.F.);
#1928 = CONICAL_SURFACE('',#1929,15.096010706877,0.466330159517);
#1929 = AXIS2_PLACEMENT_3D('',#1930,#1931,#1932);
#1930 = CARTESIAN_POINT('',(0.,0.,59.42755509343));
#1931 = DIRECTION('',(0.,0.,1.));
#1932 = DIRECTION('',(1.,0.,-0.));
#1933 = ADVANCED_FACE('',(#1934),#1953,.T.);
#1934 = FACE_BOUND('',#1935,.T.);
#1935 = EDGE_LOOP('',(#1936,#1945,#1951,#1952));
#1936 = ORIENTED_EDGE('',*,*,#1937,.T.);
#1937 = EDGE_CURVE('',#1938,#1938,#1940,.T.);
#1938 = VERTEX_POINT('',#1939);
#1939 = CARTESIAN_POINT('',(15.076120467489,0.,59.382683432365));
#1940 = CIRCLE('',#1941,15.076120467489);
#1941 = AXIS2_PLACEMENT_3D('',#1942,#1943,#1944);
#1942 = CARTESIAN_POINT('',(0.,0.,59.382683432365));
#1943 = DIRECTION('',(0.,0.,1.));
#1944 = DIRECTION('',(1.,0.,-0.));
#1945 = ORIENTED_EDGE('',*,*,#1946,.T.);
#1946 = EDGE_CURVE('',#1938,#1913,#1947,.T.);
#1947 = LINE('',#1948,#1949);
#1948 = CARTESIAN_POINT('',(15.076120467489,0.,59.382683432365));
#1949 = VECTOR('',#1950,1.);
#1950 = DIRECTION('',(0.405241314005,0.,0.914209755704));
#1951 = ORIENTED_EDGE('',*,*,#1912,.F.);
#1952 = ORIENTED_EDGE('',*,*,#1946,.F.);
#1953 = CONICAL_SURFACE('',#1954,15.076120467489,0.417242774305);
#1954 = AXIS2_PLACEMENT_3D('',#1955,#1956,#1957);
#1955 = CARTESIAN_POINT('',(0.,0.,59.382683432365));
#1956 = DIRECTION('',(0.,0.,1.));
#1957 = DIRECTION('',(1.,0.,-0.));
#1958 = ADVANCED_FACE('',(#1959),#1978,.T.);
#1959 = FACE_BOUND('',#1960,.T.);
#1960 = EDGE_LOOP('',(#1961,#1970,#1976,#1977));
#1961 = ORIENTED_EDGE('',*,*,#1962,.T.);
#1962 = EDGE_CURVE('',#1963,#1963,#1965,.T.);
#1963 = VERTEX_POINT('',#1964);
#1964 = CARTESIAN_POINT('',(15.058455934817,0.,59.336889853392));
#1965 = CIRCLE('',#1966,15.058455934817);
#1966 = AXIS2_PLACEMENT_3D('',#1967,#1968,#1969);
#1967 = CARTESIAN_POINT('',(0.,0.,59.336889853392));
#1968 = DIRECTION('',(0.,0.,1.));
#1969 = DIRECTION('',(1.,0.,-0.));
#1970 = ORIENTED_EDGE('',*,*,#1971,.T.);
#1971 = EDGE_CURVE('',#1963,#1938,#1972,.T.);
#1972 = LINE('',#1973,#1974);
#1973 = CARTESIAN_POINT('',(15.058455934817,0.,59.336889853392));
#1974 = VECTOR('',#1975,1.);
#1975 = DIRECTION('',(0.359895036535,0.,0.932992798835));
#1976 = ORIENTED_EDGE('',*,*,#1937,.F.);
#1977 = ORIENTED_EDGE('',*,*,#1971,.F.);
#1978 = CONICAL_SURFACE('',#1979,15.058455934817,0.368155389093);
#1979 = AXIS2_PLACEMENT_3D('',#1980,#1981,#1982);
#1980 = CARTESIAN_POINT('',(0.,0.,59.336889853392));
#1981 = DIRECTION('',(0.,0.,1.));
#1982 = DIRECTION('',(1.,0.,-0.));
#1983 = ADVANCED_FACE('',(#1984),#2003,.T.);
#1984 = FACE_BOUND('',#1985,.T.);
#1985 = EDGE_LOOP('',(#1986,#1995,#2001,#2002));
#1986 = ORIENTED_EDGE('',*,*,#1987,.T.);
#1987 = EDGE_CURVE('',#1988,#1988,#1990,.T.);
#1988 = VERTEX_POINT('',#1989);
#1989 = CARTESIAN_POINT('',(15.043059664268,0.,59.290284677254));
#1990 = CIRCLE('',#1991,15.043059664268);
#1991 = AXIS2_PLACEMENT_3D('',#1992,#1993,#1994);
#1992 = CARTESIAN_POINT('',(0.,0.,59.290284677254));
#1993 = DIRECTION('',(0.,0.,1.));
#1994 = DIRECTION('',(1.,0.,-0.));
#1995 = ORIENTED_EDGE('',*,*,#1996,.T.);
#1996 = EDGE_CURVE('',#1988,#1963,#1997,.T.);
#1997 = LINE('',#1998,#1999);
#1998 = CARTESIAN_POINT('',(15.043059664268,0.,59.290284677254));
#1999 = VECTOR('',#2000,1.);
#2000 = DIRECTION('',(0.313681740399,0.,0.949528180593));
#2001 = ORIENTED_EDGE('',*,*,#1962,.F.);
#2002 = ORIENTED_EDGE('',*,*,#1996,.F.);
#2003 = CONICAL_SURFACE('',#2004,15.043059664268,0.31906800388);
#2004 = AXIS2_PLACEMENT_3D('',#2005,#2006,#2007);
#2005 = CARTESIAN_POINT('',(0.,0.,59.290284677254));
#2006 = DIRECTION('',(0.,0.,1.));
#2007 = DIRECTION('',(1.,0.,-0.));
#2008 = ADVANCED_FACE('',(#2009),#2028,.T.);
#2009 = FACE_BOUND('',#2010,.T.);
#2010 = EDGE_LOOP('',(#2011,#2020,#2026,#2027));
#2011 = ORIENTED_EDGE('',*,*,#2012,.T.);
#2012 = EDGE_CURVE('',#2013,#2013,#2015,.T.);
#2013 = VERTEX_POINT('',#2014);
#2014 = CARTESIAN_POINT('',(15.029968746805,0.,59.242980179903));
#2015 = CIRCLE('',#2016,15.029968746805);
#2016 = AXIS2_PLACEMENT_3D('',#2017,#2018,#2019);
#2017 = CARTESIAN_POINT('',(0.,0.,59.242980179903));
#2018 = DIRECTION('',(0.,0.,1.));
#2019 = DIRECTION('',(1.,0.,-0.));
#2020 = ORIENTED_EDGE('',*,*,#2021,.T.);
#2021 = EDGE_CURVE('',#2013,#1988,#2022,.T.);
#2022 = LINE('',#2023,#2024);
#2023 = CARTESIAN_POINT('',(15.029968746805,0.,59.242980179903));
#2024 = VECTOR('',#2025,1.);
#2025 = DIRECTION('',(0.266712757475,0.,0.963776065795));
#2026 = ORIENTED_EDGE('',*,*,#1987,.F.);
#2027 = ORIENTED_EDGE('',*,*,#2021,.F.);
#2028 = CONICAL_SURFACE('',#2029,15.029968746805,0.269980618668);
#2029 = AXIS2_PLACEMENT_3D('',#2030,#2031,#2032);
#2030 = CARTESIAN_POINT('',(0.,0.,59.242980179903));
#2031 = DIRECTION('',(0.,0.,1.));
#2032 = DIRECTION('',(1.,0.,-0.));
#2033 = ADVANCED_FACE('',(#2034),#2053,.T.);
#2034 = FACE_BOUND('',#2035,.T.);
#2035 = EDGE_LOOP('',(#2036,#2045,#2051,#2052));
#2036 = ORIENTED_EDGE('',*,*,#2037,.T.);
#2037 = EDGE_CURVE('',#2038,#2038,#2040,.T.);
#2038 = VERTEX_POINT('',#2039);
#2039 = CARTESIAN_POINT('',(15.019214719597,0.,59.195090322016));
#2040 = CIRCLE('',#2041,15.019214719597);
#2041 = AXIS2_PLACEMENT_3D('',#2042,#2043,#2044);
#2042 = CARTESIAN_POINT('',(0.,0.,59.195090322016));
#2043 = DIRECTION('',(0.,0.,1.));
#2044 = DIRECTION('',(1.,0.,-0.));
#2045 = ORIENTED_EDGE('',*,*,#2046,.T.);
#2046 = EDGE_CURVE('',#2038,#2013,#2047,.T.);
#2047 = LINE('',#2048,#2049);
#2048 = CARTESIAN_POINT('',(15.019214719597,0.,59.195090322016));
#2049 = VECTOR('',#2050,1.);
#2050 = DIRECTION('',(0.219101240157,0.,0.975702130039));
#2051 = ORIENTED_EDGE('',*,*,#2012,.F.);
#2052 = ORIENTED_EDGE('',*,*,#2046,.F.);
#2053 = CONICAL_SURFACE('',#2054,15.019214719597,0.220893233456);
#2054 = AXIS2_PLACEMENT_3D('',#2055,#2056,#2057);
#2055 = CARTESIAN_POINT('',(0.,0.,59.195090322016));
#2056 = DIRECTION('',(0.,0.,1.));
#2057 = DIRECTION('',(1.,0.,-0.));
#2058 = ADVANCED_FACE('',(#2059),#2078,.T.);
#2059 = FACE_BOUND('',#2060,.T.);
#2060 = EDGE_LOOP('',(#2061,#2070,#2076,#2077));
#2061 = ORIENTED_EDGE('',*,*,#2062,.T.);
#2062 = EDGE_CURVE('',#2063,#2063,#2065,.T.);
#2063 = VERTEX_POINT('',#2064);
#2064 = CARTESIAN_POINT('',(15.010823490035,0.,59.146730474455));
#2065 = CIRCLE('',#2066,15.010823490035);
#2066 = AXIS2_PLACEMENT_3D('',#2067,#2068,#2069);
#2067 = CARTESIAN_POINT('',(0.,0.,59.146730474455));
#2068 = DIRECTION('',(0.,0.,1.));
#2069 = DIRECTION('',(1.,0.,-0.));
#2070 = ORIENTED_EDGE('',*,*,#2071,.T.);
#2071 = EDGE_CURVE('',#2063,#2038,#2072,.T.);
#2072 = LINE('',#2073,#2074);
#2073 = CARTESIAN_POINT('',(15.010823490035,0.,59.146730474455));
#2074 = VECTOR('',#2075,1.);
#2075 = DIRECTION('',(0.17096188876,0.,0.985277642389));
#2076 = ORIENTED_EDGE('',*,*,#2037,.F.);
#2077 = ORIENTED_EDGE('',*,*,#2071,.F.);
#2078 = CONICAL_SURFACE('',#2079,15.010823490035,0.171805848243);
#2079 = AXIS2_PLACEMENT_3D('',#2080,#2081,#2082);
#2080 = CARTESIAN_POINT('',(0.,0.,59.146730474455));
#2081 = DIRECTION('',(0.,0.,1.));
#2082 = DIRECTION('',(1.,0.,-0.));
#2083 = ADVANCED_FACE('',(#2084),#2103,.T.);
#2084 = FACE_BOUND('',#2085,.T.);
#2085 = EDGE_LOOP('',(#2086,#2095,#2101,#2102));
#2086 = ORIENTED_EDGE('',*,*,#2087,.T.);
#2087 = EDGE_CURVE('',#2088,#2088,#2090,.T.);
#2088 = VERTEX_POINT('',#2089);
#2089 = CARTESIAN_POINT('',(15.004815273328,0.,59.09801714033));
#2090 = CIRCLE('',#2091,15.004815273328);
#2091 = AXIS2_PLACEMENT_3D('',#2092,#2093,#2094);
#2092 = CARTESIAN_POINT('',(0.,0.,59.09801714033));
#2093 = DIRECTION('',(0.,0.,1.));
#2094 = DIRECTION('',(1.,0.,-0.));
#2095 = ORIENTED_EDGE('',*,*,#2096,.T.);
#2096 = EDGE_CURVE('',#2088,#2063,#2097,.T.);
#2097 = LINE('',#2098,#2099);
#2098 = CARTESIAN_POINT('',(15.004815273328,0.,59.09801714033));
#2099 = VECTOR('',#2100,1.);
#2100 = DIRECTION('',(0.122410675199,0.,0.992479534599));
#2101 = ORIENTED_EDGE('',*,*,#2062,.F.);
#2102 = ORIENTED_EDGE('',*,*,#2096,.F.);
#2103 = CONICAL_SURFACE('',#2104,15.004815273328,0.122718463031);
#2104 = AXIS2_PLACEMENT_3D('',#2105,#2106,#2107);
#2105 = CARTESIAN_POINT('',(0.,0.,59.09801714033));
#2106 = DIRECTION('',(0.,0.,1.));
#2107 = DIRECTION('',(1.,0.,-0.));
#2108 = ADVANCED_FACE('',(#2109),#2128,.T.);
#2109 = FACE_BOUND('',#2110,.T.);
#2110 = EDGE_LOOP('',(#2111,#2120,#2126,#2127));
#2111 = ORIENTED_EDGE('',*,*,#2112,.T.);
#2112 = EDGE_CURVE('',#2113,#2113,#2115,.T.);
#2113 = VERTEX_POINT('',#2114);
#2114 = CARTESIAN_POINT('',(15.001204543795,0.,59.049067674327));
#2115 = CIRCLE('',#2116,15.001204543795);
#2116 = AXIS2_PLACEMENT_3D('',#2117,#2118,#2119);
#2117 = CARTESIAN_POINT('',(0.,0.,59.049067674327));
#2118 = DIRECTION('',(0.,0.,1.));
#2119 = DIRECTION('',(1.,0.,-0.));
#2120 = ORIENTED_EDGE('',*,*,#2121,.T.);
#2121 = EDGE_CURVE('',#2113,#2088,#2122,.T.);
#2122 = LINE('',#2123,#2124);
#2123 = CARTESIAN_POINT('',(15.001204543795,0.,59.049067674327));
#2124 = VECTOR('',#2125,1.);
#2125 = DIRECTION('',(7.356456359969E-02,0.,0.997290456679));
#2126 = ORIENTED_EDGE('',*,*,#2087,.F.);
#2127 = ORIENTED_EDGE('',*,*,#2121,.F.);
#2128 = CONICAL_SURFACE('',#2129,15.001204543795,7.363107781853E-02);
#2129 = AXIS2_PLACEMENT_3D('',#2130,#2131,#2132);
#2130 = CARTESIAN_POINT('',(0.,0.,59.049067674327));
#2131 = DIRECTION('',(0.,0.,1.));
#2132 = DIRECTION('',(1.,0.,-0.));
#2133 = ADVANCED_FACE('',(#2134),#2153,.T.);
#2134 = FACE_BOUND('',#2135,.T.);
#2135 = EDGE_LOOP('',(#2136,#2145,#2151,#2152));
#2136 = ORIENTED_EDGE('',*,*,#2137,.T.);
#2137 = EDGE_CURVE('',#2138,#2138,#2140,.T.);
#2138 = VERTEX_POINT('',#2139);
#2139 = CARTESIAN_POINT('',(15.,0.,59.));
#2140 = CIRCLE('',#2141,15.);
#2141 = AXIS2_PLACEMENT_3D('',#2142,#2143,#2144);
#2142 = CARTESIAN_POINT('',(0.,0.,59.));
#2143 = DIRECTION('',(0.,0.,1.));
#2144 = DIRECTION('',(1.,0.,-0.));
#2145 = ORIENTED_EDGE('',*,*,#2146,.T.);
#2146 = EDGE_CURVE('',#2138,#2113,#2147,.T.);
#2147 = LINE('',#2148,#2149);
#2148 = CARTESIAN_POINT('',(15.,0.,59.));
#2149 = VECTOR('',#2150,1.);
#2150 = DIRECTION('',(2.454122852291E-02,0.,0.999698818696));
#2151 = ORIENTED_EDGE('',*,*,#2112,.F.);
#2152 = ORIENTED_EDGE('',*,*,#2146,.F.);
#2153 = CONICAL_SURFACE('',#2154,15.,2.454369260617E-02);
#2154 = AXIS2_PLACEMENT_3D('',#2155,#2156,#2157);
#2155 = CARTESIAN_POINT('',(0.,0.,59.));
#2156 = DIRECTION('',(0.,0.,1.));
#2157 = DIRECTION('',(1.,0.,-0.));
#2158 = ADVANCED_FACE('',(#2159),#2178,.T.);
#2159 = FACE_BOUND('',#2160,.T.);
#2160 = EDGE_LOOP('',(#2161,#2170,#2176,#2177));
#2161 = ORIENTED_EDGE('',*,*,#2162,.T.);
#2162 = EDGE_CURVE('',#2163,#2163,#2165,.T.);
#2163 = VERTEX_POINT('',#2164);
#2164 = CARTESIAN_POINT('',(15.,0.,17.));
#2165 = CIRCLE('',#2166,15.);
#2166 = AXIS2_PLACEMENT_3D('',#2167,#2168,#2169);
#2167 = CARTESIAN_POINT('',(0.,0.,17.));
#2168 = DIRECTION('',(0.,0.,1.));
#2169 = DIRECTION('',(1.,0.,-0.));
#2170 = ORIENTED_EDGE('',*,*,#2171,.T.);
#2171 = EDGE_CURVE('',#2163,#2138,#2172,.T.);
#2172 = LINE('',#2173,#2174);
#2173 = CARTESIAN_POINT('',(15.,0.,17.));
#2174 = VECTOR('',#2175,1.);
#2175 = DIRECTION('',(0.,0.,1.));
#2176 = ORIENTED_EDGE('',*,*,#2137,.F.);
#2177 = ORIENTED_EDGE('',*,*,#2171,.F.);
#2178 = CYLINDRICAL_SURFACE('',#2179,15.);
#2179 = AXIS2_PLACEMENT_3D('',#2180,#2181,#2182);
#2180 = CARTESIAN_POINT('',(0.,0.,17.));
#2181 = DIRECTION('',(0.,0.,1.));
#2182 = DIRECTION('',(1.,0.,-0.));
#2183 = ADVANCED_FACE('',(#2184),#2203,.T.);
#2184 = FACE_BOUND('',#2185,.T.);
#2185 = EDGE_LOOP('',(#2186,#2195,#2201,#2202));
#2186 = ORIENTED_EDGE('',*,*,#2187,.T.);
#2187 = EDGE_CURVE('',#2188,#2188,#2190,.T.);
#2188 = VERTEX_POINT('',#2189);
#2189 = CARTESIAN_POINT('',(15.00240908759,0.,16.901864651345));
#2190 = CIRCLE('',#2191,15.00240908759);
#2191 = AXIS2_PLACEMENT_3D('',#2192,#2193,#2194);
#2192 = CARTESIAN_POINT('',(0.,0.,16.901864651345));
#2193 = DIRECTION('',(0.,0.,1.));
#2194 = DIRECTION('',(1.,0.,-0.));
#2195 = ORIENTED_EDGE('',*,*,#2196,.T.);
#2196 = EDGE_CURVE('',#2188,#2163,#2197,.T.);
#2197 = LINE('',#2198,#2199);
#2198 = CARTESIAN_POINT('',(15.00240908759,0.,16.901864651345));
#2199 = VECTOR('',#2200,1.);
#2200 = DIRECTION('',(-2.454122852291E-02,0.,0.999698818696));
#2201 = ORIENTED_EDGE('',*,*,#2162,.F.);
#2202 = ORIENTED_EDGE('',*,*,#2196,.F.);
#2203 = CONICAL_SURFACE('',#2204,15.00240908759,2.454369260617E-02);
#2204 = AXIS2_PLACEMENT_3D('',#2205,#2206,#2207);
#2205 = CARTESIAN_POINT('',(0.,0.,16.901864651345));
#2206 = DIRECTION('',(-0.,-0.,-1.));
#2207 = DIRECTION('',(1.,0.,-0.));
#2208 = ADVANCED_FACE('',(#2209),#2228,.T.);
#2209 = FACE_BOUND('',#2210,.T.);
#2210 = EDGE_LOOP('',(#2211,#2220,#2226,#2227));
#2211 = ORIENTED_EDGE('',*,*,#2212,.T.);
#2212 = EDGE_CURVE('',#2213,#2213,#2215,.T.);
#2213 = VERTEX_POINT('',#2214);
#2214 = CARTESIAN_POINT('',(15.009630546656,0.,16.803965719341));
#2215 = CIRCLE('',#2216,15.009630546656);
#2216 = AXIS2_PLACEMENT_3D('',#2217,#2218,#2219);
#2217 = CARTESIAN_POINT('',(0.,0.,16.803965719341));
#2218 = DIRECTION('',(0.,0.,1.));
#2219 = DIRECTION('',(1.,0.,-0.));
#2220 = ORIENTED_EDGE('',*,*,#2221,.T.);
#2221 = EDGE_CURVE('',#2213,#2188,#2222,.T.);
#2222 = LINE('',#2223,#2224);
#2223 = CARTESIAN_POINT('',(15.009630546656,0.,16.803965719341));
#2224 = VECTOR('',#2225,1.);
#2225 = DIRECTION('',(-7.356456359967E-02,0.,0.997290456679));
#2226 = ORIENTED_EDGE('',*,*,#2187,.F.);
#2227 = ORIENTED_EDGE('',*,*,#2221,.F.);
#2228 = CONICAL_SURFACE('',#2229,15.009630546656,7.363107781851E-02);
#2229 = AXIS2_PLACEMENT_3D('',#2230,#2231,#2232);
#2230 = CARTESIAN_POINT('',(0.,0.,16.803965719341));
#2231 = DIRECTION('',(-0.,-0.,-1.));
#2232 = DIRECTION('',(1.,0.,-0.));
#2233 = ADVANCED_FACE('',(#2234),#2253,.T.);
#2234 = FACE_BOUND('',#2235,.T.);
#2235 = EDGE_LOOP('',(#2236,#2245,#2251,#2252));
#2236 = ORIENTED_EDGE('',*,*,#2237,.T.);
#2237 = EDGE_CURVE('',#2238,#2238,#2240,.T.);
#2238 = VERTEX_POINT('',#2239);
#2239 = CARTESIAN_POINT('',(15.02164698007,0.,16.706539051089));
#2240 = CIRCLE('',#2241,15.02164698007);
#2241 = AXIS2_PLACEMENT_3D('',#2242,#2243,#2244);
#2242 = CARTESIAN_POINT('',(0.,0.,16.706539051089));
#2243 = DIRECTION('',(0.,0.,1.));
#2244 = DIRECTION('',(1.,0.,-0.));
#2245 = ORIENTED_EDGE('',*,*,#2246,.T.);
#2246 = EDGE_CURVE('',#2238,#2213,#2247,.T.);
#2247 = LINE('',#2248,#2249);
#2248 = CARTESIAN_POINT('',(15.02164698007,0.,16.706539051089));
#2249 = VECTOR('',#2250,1.);
#2250 = DIRECTION('',(-0.122410675199,0.,0.992479534599));
#2251 = ORIENTED_EDGE('',*,*,#2212,.F.);
#2252 = ORIENTED_EDGE('',*,*,#2246,.F.);
#2253 = CONICAL_SURFACE('',#2254,15.02164698007,0.122718463031);
#2254 = AXIS2_PLACEMENT_3D('',#2255,#2256,#2257);
#2255 = CARTESIAN_POINT('',(0.,0.,16.706539051089));
#2256 = DIRECTION('',(-0.,-0.,-1.));
#2257 = DIRECTION('',(1.,0.,-0.));
#2258 = ADVANCED_FACE('',(#2259),#2278,.T.);
#2259 = FACE_BOUND('',#2260,.T.);
#2260 = EDGE_LOOP('',(#2261,#2270,#2276,#2277));
#2261 = ORIENTED_EDGE('',*,*,#2262,.T.);
#2262 = EDGE_CURVE('',#2263,#2263,#2265,.T.);
#2263 = VERTEX_POINT('',#2264);
#2264 = CARTESIAN_POINT('',(15.038429439194,0.,16.609819355968));
#2265 = CIRCLE('',#2266,15.038429439194);
#2266 = AXIS2_PLACEMENT_3D('',#2267,#2268,#2269);
#2267 = CARTESIAN_POINT('',(0.,0.,16.609819355968));
#2268 = DIRECTION('',(0.,0.,1.));
#2269 = DIRECTION('',(1.,0.,-0.));
#2270 = ORIENTED_EDGE('',*,*,#2271,.T.);
#2271 = EDGE_CURVE('',#2263,#2238,#2272,.T.);
#2272 = LINE('',#2273,#2274);
#2273 = CARTESIAN_POINT('',(15.038429439194,0.,16.609819355968));
#2274 = VECTOR('',#2275,1.);
#2275 = DIRECTION('',(-0.17096188876,0.,0.985277642389));
#2276 = ORIENTED_EDGE('',*,*,#2237,.F.);
#2277 = ORIENTED_EDGE('',*,*,#2271,.F.);
#2278 = CONICAL_SURFACE('',#2279,15.038429439194,0.171805848243);
#2279 = AXIS2_PLACEMENT_3D('',#2280,#2281,#2282);
#2280 = CARTESIAN_POINT('',(0.,0.,16.609819355968));
#2281 = DIRECTION('',(-0.,-0.,-1.));
#2282 = DIRECTION('',(1.,0.,-0.));
#2283 = ADVANCED_FACE('',(#2284),#2303,.T.);
#2284 = FACE_BOUND('',#2285,.T.);
#2285 = EDGE_LOOP('',(#2286,#2295,#2301,#2302));
#2286 = ORIENTED_EDGE('',*,*,#2287,.T.);
#2287 = EDGE_CURVE('',#2288,#2288,#2290,.T.);
#2288 = VERTEX_POINT('',#2289);
#2289 = CARTESIAN_POINT('',(15.059937493611,0.,16.514039640193));
#2290 = CIRCLE('',#2291,15.059937493611);
#2291 = AXIS2_PLACEMENT_3D('',#2292,#2293,#2294);
#2292 = CARTESIAN_POINT('',(0.,0.,16.514039640193));
#2293 = DIRECTION('',(0.,0.,1.));
#2294 = DIRECTION('',(1.,0.,-0.));
#2295 = ORIENTED_EDGE('',*,*,#2296,.T.);
#2296 = EDGE_CURVE('',#2288,#2263,#2297,.T.);
#2297 = LINE('',#2298,#2299);
#2298 = CARTESIAN_POINT('',(15.059937493611,0.,16.514039640193));
#2299 = VECTOR('',#2300,1.);
#2300 = DIRECTION('',(-0.219101240157,0.,0.975702130039));
#2301 = ORIENTED_EDGE('',*,*,#2262,.F.);
#2302 = ORIENTED_EDGE('',*,*,#2296,.F.);
#2303 = CONICAL_SURFACE('',#2304,15.059937493611,0.220893233456);
#2304 = AXIS2_PLACEMENT_3D('',#2305,#2306,#2307);
#2305 = CARTESIAN_POINT('',(0.,0.,16.514039640193));
#2306 = DIRECTION('',(-0.,-0.,-1.));
#2307 = DIRECTION('',(1.,0.,-0.));
#2308 = ADVANCED_FACE('',(#2309),#2328,.T.);
#2309 = FACE_BOUND('',#2310,.T.);
#2310 = EDGE_LOOP('',(#2311,#2320,#2326,#2327));
#2311 = ORIENTED_EDGE('',*,*,#2312,.T.);
#2312 = EDGE_CURVE('',#2313,#2313,#2315,.T.);
#2313 = VERTEX_POINT('',#2314);
#2314 = CARTESIAN_POINT('',(15.086119328536,0.,16.419430645491));
#2315 = CIRCLE('',#2316,15.086119328536);
#2316 = AXIS2_PLACEMENT_3D('',#2317,#2318,#2319);
#2317 = CARTESIAN_POINT('',(0.,0.,16.419430645491));
#2318 = DIRECTION('',(0.,0.,1.));
#2319 = DIRECTION('',(1.,0.,-0.));
#2320 = ORIENTED_EDGE('',*,*,#2321,.T.);
#2321 = EDGE_CURVE('',#2313,#2288,#2322,.T.);
#2322 = LINE('',#2323,#2324);
#2323 = CARTESIAN_POINT('',(15.086119328536,0.,16.419430645491));
#2324 = VECTOR('',#2325,1.);
#2325 = DIRECTION('',(-0.266712757475,0.,0.963776065795));
#2326 = ORIENTED_EDGE('',*,*,#2287,.F.);
#2327 = ORIENTED_EDGE('',*,*,#2321,.F.);
#2328 = CONICAL_SURFACE('',#2329,15.086119328536,0.269980618668);
#2329 = AXIS2_PLACEMENT_3D('',#2330,#2331,#2332);
#2330 = CARTESIAN_POINT('',(0.,0.,16.419430645491));
#2331 = DIRECTION('',(-0.,-0.,-1.));
#2332 = DIRECTION('',(1.,0.,-0.));
#2333 = ADVANCED_FACE('',(#2334),#2353,.T.);
#2334 = FACE_BOUND('',#2335,.T.);
#2335 = EDGE_LOOP('',(#2336,#2345,#2351,#2352));
#2336 = ORIENTED_EDGE('',*,*,#2337,.T.);
#2337 = EDGE_CURVE('',#2338,#2338,#2340,.T.);
#2338 = VERTEX_POINT('',#2339);
#2339 = CARTESIAN_POINT('',(15.116911869634,0.,16.326220293216));
#2340 = CIRCLE('',#2341,15.116911869634);
#2341 = AXIS2_PLACEMENT_3D('',#2342,#2343,#2344);
#2342 = CARTESIAN_POINT('',(0.,0.,16.326220293216));
#2343 = DIRECTION('',(0.,0.,1.));
#2344 = DIRECTION('',(1.,0.,-0.));
#2345 = ORIENTED_EDGE('',*,*,#2346,.T.);
#2346 = EDGE_CURVE('',#2338,#2313,#2347,.T.);
#2347 = LINE('',#2348,#2349);
#2348 = CARTESIAN_POINT('',(15.116911869634,0.,16.326220293216));
#2349 = VECTOR('',#2350,1.);
#2350 = DIRECTION('',(-0.313681740399,0.,0.949528180593));
#2351 = ORIENTED_EDGE('',*,*,#2312,.F.);
#2352 = ORIENTED_EDGE('',*,*,#2346,.F.);
#2353 = CONICAL_SURFACE('',#2354,15.116911869634,0.31906800388);
#2354 = AXIS2_PLACEMENT_3D('',#2355,#2356,#2357);
#2355 = CARTESIAN_POINT('',(0.,0.,16.326220293216));
#2356 = DIRECTION('',(-0.,-0.,-1.));
#2357 = DIRECTION('',(1.,0.,-0.));
#2358 = ADVANCED_FACE('',(#2359),#2378,.T.);
#2359 = FACE_BOUND('',#2360,.T.);
#2360 = EDGE_LOOP('',(#2361,#2370,#2376,#2377));
#2361 = ORIENTED_EDGE('',*,*,#2362,.T.);
#2362 = EDGE_CURVE('',#2363,#2363,#2365,.T.);
#2363 = VERTEX_POINT('',#2364);
#2364 = CARTESIAN_POINT('',(15.152240934977,0.,16.23463313527));
#2365 = CIRCLE('',#2366,15.152240934977);
#2366 = AXIS2_PLACEMENT_3D('',#2367,#2368,#2369);
#2367 = CARTESIAN_POINT('',(0.,0.,16.23463313527));
#2368 = DIRECTION('',(0.,0.,1.));
#2369 = DIRECTION('',(1.,0.,-0.));
#2370 = ORIENTED_EDGE('',*,*,#2371,.T.);
#2371 = EDGE_CURVE('',#2363,#2338,#2372,.T.);
#2372 = LINE('',#2373,#2374);
#2373 = CARTESIAN_POINT('',(15.152240934977,0.,16.23463313527));
#2374 = VECTOR('',#2375,1.);
#2375 = DIRECTION('',(-0.359895036535,0.,0.932992798835));
#2376 = ORIENTED_EDGE('',*,*,#2337,.F.);
#2377 = ORIENTED_EDGE('',*,*,#2371,.F.);
#2378 = CONICAL_SURFACE('',#2379,15.152240934977,0.368155389093);
#2379 = AXIS2_PLACEMENT_3D('',#2380,#2381,#2382);
#2380 = CARTESIAN_POINT('',(0.,0.,16.23463313527));
#2381 = DIRECTION('',(-0.,-0.,-1.));
#2382 = DIRECTION('',(1.,0.,-0.));
#2383 = ADVANCED_FACE('',(#2384),#2403,.T.);
#2384 = FACE_BOUND('',#2385,.T.);
#2385 = EDGE_LOOP('',(#2386,#2395,#2401,#2402));
#2386 = ORIENTED_EDGE('',*,*,#2387,.T.);
#2387 = EDGE_CURVE('',#2388,#2388,#2390,.T.);
#2388 = VERTEX_POINT('',#2389);
#2389 = CARTESIAN_POINT('',(15.192021413753,0.,16.144889813139));
#2390 = CIRCLE('',#2391,15.192021413753);
#2391 = AXIS2_PLACEMENT_3D('',#2392,#2393,#2394);
#2392 = CARTESIAN_POINT('',(0.,0.,16.144889813139));
#2393 = DIRECTION('',(0.,0.,1.));
#2394 = DIRECTION('',(1.,0.,-0.));
#2395 = ORIENTED_EDGE('',*,*,#2396,.T.);
#2396 = EDGE_CURVE('',#2388,#2363,#2397,.T.);
#2397 = LINE('',#2398,#2399);
#2398 = CARTESIAN_POINT('',(15.192021413753,0.,16.144889813139));
#2399 = VECTOR('',#2400,1.);
#2400 = DIRECTION('',(-0.405241314005,0.,0.914209755704));
#2401 = ORIENTED_EDGE('',*,*,#2362,.F.);
#2402 = ORIENTED_EDGE('',*,*,#2396,.F.);
#2403 = CONICAL_SURFACE('',#2404,15.192021413753,0.417242774305);
#2404 = AXIS2_PLACEMENT_3D('',#2405,#2406,#2407);
#2405 = CARTESIAN_POINT('',(0.,0.,16.144889813139));
#2406 = DIRECTION('',(-0.,-0.,-1.));
#2407 = DIRECTION('',(1.,0.,-0.));
#2408 = ADVANCED_FACE('',(#2409),#2428,.T.);
#2409 = FACE_BOUND('',#2410,.T.);
#2410 = EDGE_LOOP('',(#2411,#2420,#2426,#2427));
#2411 = ORIENTED_EDGE('',*,*,#2412,.T.);
#2412 = EDGE_CURVE('',#2413,#2413,#2415,.T.);
#2413 = VERTEX_POINT('',#2414);
#2414 = CARTESIAN_POINT('',(15.236157471303,0.,16.057206526348));
#2415 = CIRCLE('',#2416,15.236157471303);
#2416 = AXIS2_PLACEMENT_3D('',#2417,#2418,#2419);
#2417 = CARTESIAN_POINT('',(0.,0.,16.057206526348));
#2418 = DIRECTION('',(0.,0.,1.));
#2419 = DIRECTION('',(1.,0.,-0.));
#2420 = ORIENTED_EDGE('',*,*,#2421,.T.);
#2421 = EDGE_CURVE('',#2413,#2388,#2422,.T.);
#2422 = LINE('',#2423,#2424);
#2423 = CARTESIAN_POINT('',(15.236157471303,0.,16.057206526348));
#2424 = VECTOR('',#2425,1.);
#2425 = DIRECTION('',(-0.449611329655,0.,0.893224301196));
#2426 = ORIENTED_EDGE('',*,*,#2387,.F.);
#2427 = ORIENTED_EDGE('',*,*,#2421,.F.);
#2428 = CONICAL_SURFACE('',#2429,15.236157471303,0.466330159517);
#2429 = AXIS2_PLACEMENT_3D('',#2430,#2431,#2432);
#2430 = CARTESIAN_POINT('',(0.,0.,16.057206526348));
#2431 = DIRECTION('',(-0.,-0.,-1.));
#2432 = DIRECTION('',(1.,0.,-0.));
#2433 = ADVANCED_FACE('',(#2434),#2453,.T.);
#2434 = FACE_BOUND('',#2435,.T.);
#2435 = EDGE_LOOP('',(#2436,#2445,#2451,#2452));
#2436 = ORIENTED_EDGE('',*,*,#2437,.T.);
#2437 = EDGE_CURVE('',#2438,#2438,#2440,.T.);
#2438 = VERTEX_POINT('',#2439);
#2439 = CARTESIAN_POINT('',(15.284542779999,0.,15.971794511614));
#2440 = CIRCLE('',#2441,15.284542779999);
#2441 = AXIS2_PLACEMENT_3D('',#2442,#2443,#2444);
#2442 = CARTESIAN_POINT('',(0.,0.,15.971794511614));
#2443 = DIRECTION('',(0.,0.,1.));
#2444 = DIRECTION('',(1.,0.,-0.));
#2445 = ORIENTED_EDGE('',*,*,#2446,.T.);
#2446 = EDGE_CURVE('',#2438,#2413,#2447,.T.);
#2447 = LINE('',#2448,#2449);
#2448 = CARTESIAN_POINT('',(15.284542779999,0.,15.971794511614));
#2449 = VECTOR('',#2450,1.);
#2450 = DIRECTION('',(-0.49289819223,0.,0.870086991109));
#2451 = ORIENTED_EDGE('',*,*,#2412,.F.);
#2452 = ORIENTED_EDGE('',*,*,#2446,.F.);
#2453 = CONICAL_SURFACE('',#2454,15.284542779999,0.51541754473);
#2454 = AXIS2_PLACEMENT_3D('',#2455,#2456,#2457);
#2455 = CARTESIAN_POINT('',(0.,0.,15.971794511614));
#2456 = DIRECTION('',(-0.,-0.,-1.));
#2457 = DIRECTION('',(1.,0.,-0.));
#2458 = ADVANCED_FACE('',(#2459),#2478,.T.);
#2459 = FACE_BOUND('',#2460,.T.);
#2460 = EDGE_LOOP('',(#2461,#2470,#2476,#2477));
#2461 = ORIENTED_EDGE('',*,*,#2462,.T.);
#2462 = EDGE_CURVE('',#2463,#2463,#2465,.T.);
#2463 = VERTEX_POINT('',#2464);
#2464 = CARTESIAN_POINT('',(15.337060775395,0.,15.888859533961));
#2465 = CIRCLE('',#2466,15.337060775395);
#2466 = AXIS2_PLACEMENT_3D('',#2467,#2468,#2469);
#2467 = CARTESIAN_POINT('',(0.,0.,15.888859533961));
#2468 = DIRECTION('',(0.,0.,1.));
#2469 = DIRECTION('',(1.,0.,-0.));
#2470 = ORIENTED_EDGE('',*,*,#2471,.T.);
#2471 = EDGE_CURVE('',#2463,#2438,#2472,.T.);
#2472 = LINE('',#2473,#2474);
#2473 = CARTESIAN_POINT('',(15.337060775395,0.,15.888859533961));
#2474 = VECTOR('',#2475,1.);
#2475 = DIRECTION('',(-0.534997619887,0.,0.84485356525));
#2476 = ORIENTED_EDGE('',*,*,#2437,.F.);
#2477 = ORIENTED_EDGE('',*,*,#2471,.F.);
#2478 = CONICAL_SURFACE('',#2479,15.337060775395,0.564504929942);
#2479 = AXIS2_PLACEMENT_3D('',#2480,#2481,#2482);
#2480 = CARTESIAN_POINT('',(0.,0.,15.888859533961));
#2481 = DIRECTION('',(-0.,-0.,-1.));
#2482 = DIRECTION('',(1.,0.,-0.));
#2483 = ADVANCED_FACE('',(#2484),#2503,.T.);
#2484 = FACE_BOUND('',#2485,.T.);
#2485 = EDGE_LOOP('',(#2486,#2495,#2501,#2502));
#2486 = ORIENTED_EDGE('',*,*,#2487,.T.);
#2487 = EDGE_CURVE('',#2488,#2488,#2490,.T.);
#2488 = VERTEX_POINT('',#2489);
#2489 = CARTESIAN_POINT('',(15.393584937039,0.,15.808601391015));
#2490 = CIRCLE('',#2491,15.393584937039);
#2491 = AXIS2_PLACEMENT_3D('',#2492,#2493,#2494);
#2492 = CARTESIAN_POINT('',(0.,0.,15.808601391015));
#2493 = DIRECTION('',(0.,0.,1.));
#2494 = DIRECTION('',(1.,0.,-0.));
#2495 = ORIENTED_EDGE('',*,*,#2496,.T.);
#2496 = EDGE_CURVE('',#2488,#2463,#2497,.T.);
#2497 = LINE('',#2498,#2499);
#2498 = CARTESIAN_POINT('',(15.393584937039,0.,15.808601391015));
#2499 = VECTOR('',#2500,1.);
#2500 = DIRECTION('',(-0.575808191418,0.,0.817584813152));
#2501 = ORIENTED_EDGE('',*,*,#2462,.F.);
#2502 = ORIENTED_EDGE('',*,*,#2496,.F.);
#2503 = CONICAL_SURFACE('',#2504,15.393584937039,0.613592315154);
#2504 = AXIS2_PLACEMENT_3D('',#2505,#2506,#2507);
#2505 = CARTESIAN_POINT('',(0.,0.,15.808601391015));
#2506 = DIRECTION('',(-0.,-0.,-1.));
#2507 = DIRECTION('',(1.,0.,-0.));
#2508 = ADVANCED_FACE('',(#2509),#2528,.T.);
#2509 = FACE_BOUND('',#2510,.T.);
#2510 = EDGE_LOOP('',(#2511,#2520,#2526,#2527));
#2511 = ORIENTED_EDGE('',*,*,#2512,.T.);
#2512 = EDGE_CURVE('',#2513,#2513,#2515,.T.);
#2513 = VERTEX_POINT('',#2514);
#2514 = CARTESIAN_POINT('',(15.453979093275,0.,15.731213431673));
#2515 = CIRCLE('',#2516,15.453979093275);
#2516 = AXIS2_PLACEMENT_3D('',#2517,#2518,#2519);
#2517 = CARTESIAN_POINT('',(0.,0.,15.731213431673));
#2518 = DIRECTION('',(0.,0.,1.));
#2519 = DIRECTION('',(1.,0.,-0.));
#2520 = ORIENTED_EDGE('',*,*,#2521,.T.);
#2521 = EDGE_CURVE('',#2513,#2488,#2522,.T.);
#2522 = LINE('',#2523,#2524);
#2523 = CARTESIAN_POINT('',(15.453979093275,0.,15.731213431673));
#2524 = VECTOR('',#2525,1.);
#2525 = DIRECTION('',(-0.615231590581,0.,0.788346427627));
#2526 = ORIENTED_EDGE('',*,*,#2487,.F.);
#2527 = ORIENTED_EDGE('',*,*,#2521,.F.);
#2528 = CONICAL_SURFACE('',#2529,15.453979093275,0.662679700367);
#2529 = AXIS2_PLACEMENT_3D('',#2530,#2531,#2532);
#2530 = CARTESIAN_POINT('',(0.,0.,15.731213431673));
#2531 = DIRECTION('',(-0.,-0.,-1.));
#2532 = DIRECTION('',(1.,0.,-0.));
#2533 = ADVANCED_FACE('',(#2534),#2553,.T.);
#2534 = FACE_BOUND('',#2535,.T.);
#2535 = EDGE_LOOP('',(#2536,#2545,#2551,#2552));
#2536 = ORIENTED_EDGE('',*,*,#2537,.T.);
#2537 = EDGE_CURVE('',#2538,#2538,#2540,.T.);
#2538 = VERTEX_POINT('',#2539);
#2539 = CARTESIAN_POINT('',(15.51809774929,0.,15.656882090306));
#2540 = CIRCLE('',#2541,15.51809774929);
#2541 = AXIS2_PLACEMENT_3D('',#2542,#2543,#2544);
#2542 = CARTESIAN_POINT('',(0.,0.,15.656882090306));
#2543 = DIRECTION('',(0.,0.,1.));
#2544 = DIRECTION('',(1.,0.,-0.));
#2545 = ORIENTED_EDGE('',*,*,#2546,.T.);
#2546 = EDGE_CURVE('',#2538,#2513,#2547,.T.);
#2547 = LINE('',#2548,#2549);
#2548 = CARTESIAN_POINT('',(15.51809774929,0.,15.656882090306));
#2549 = VECTOR('',#2550,1.);
#2550 = DIRECTION('',(-0.653172842954,0.,0.757208846506));
#2551 = ORIENTED_EDGE('',*,*,#2512,.F.);
#2552 = ORIENTED_EDGE('',*,*,#2546,.F.);
#2553 = CONICAL_SURFACE('',#2554,15.51809774929,0.711767085579);
#2554 = AXIS2_PLACEMENT_3D('',#2555,#2556,#2557);
#2555 = CARTESIAN_POINT('',(0.,0.,15.656882090306));
#2556 = DIRECTION('',(-0.,-0.,-1.));
#2557 = DIRECTION('',(1.,0.,-0.));
#2558 = ADVANCED_FACE('',(#2559),#2578,.T.);
#2559 = FACE_BOUND('',#2560,.T.);
#2560 = EDGE_LOOP('',(#2561,#2570,#2576,#2577));
#2561 = ORIENTED_EDGE('',*,*,#2562,.T.);
#2562 = EDGE_CURVE('',#2563,#2563,#2565,.T.);
#2563 = VERTEX_POINT('',#2564);
#2564 = CARTESIAN_POINT('',(15.585786437627,0.,15.585786437627));
#2565 = CIRCLE('',#2566,15.585786437627);
#2566 = AXIS2_PLACEMENT_3D('',#2567,#2568,#2569);
#2567 = CARTESIAN_POINT('',(0.,0.,15.585786437627));
#2568 = DIRECTION('',(0.,0.,1.));
#2569 = DIRECTION('',(1.,0.,-0.));
#2570 = ORIENTED_EDGE('',*,*,#2571,.T.);
#2571 = EDGE_CURVE('',#2563,#2538,#2572,.T.);
#2572 = LINE('',#2573,#2574);
#2573 = CARTESIAN_POINT('',(15.585786437627,0.,15.585786437627));
#2574 = VECTOR('',#2575,1.);
#2575 = DIRECTION('',(-0.689540544737,0.,0.724247082951));
#2576 = ORIENTED_EDGE('',*,*,#2537,.F.);
#2577 = ORIENTED_EDGE('',*,*,#2571,.F.);
#2578 = CONICAL_SURFACE('',#2579,15.585786437627,0.760854470791);
#2579 = AXIS2_PLACEMENT_3D('',#2580,#2581,#2582);
#2580 = CARTESIAN_POINT('',(0.,0.,15.585786437627));
#2581 = DIRECTION('',(-0.,-0.,-1.));
#2582 = DIRECTION('',(1.,0.,-0.));
#2583 = ADVANCED_FACE('',(#2584),#2603,.T.);
#2584 = FACE_BOUND('',#2585,.T.);
#2585 = EDGE_LOOP('',(#2586,#2595,#2601,#2602));
#2586 = ORIENTED_EDGE('',*,*,#2587,.T.);
#2587 = EDGE_CURVE('',#2588,#2588,#2590,.T.);
#2588 = VERTEX_POINT('',#2589);
#2589 = CARTESIAN_POINT('',(15.656882090306,0.,15.51809774929));
#2590 = CIRCLE('',#2591,15.656882090306);
#2591 = AXIS2_PLACEMENT_3D('',#2592,#2593,#2594);
#2592 = CARTESIAN_POINT('',(0.,0.,15.51809774929));
#2593 = DIRECTION('',(0.,0.,1.));
#2594 = DIRECTION('',(1.,0.,-0.));
#2595 = ORIENTED_EDGE('',*,*,#2596,.T.);
#2596 = EDGE_CURVE('',#2588,#2563,#2597,.T.);
#2597 = LINE('',#2598,#2599);
#2598 = CARTESIAN_POINT('',(15.656882090306,0.,15.51809774929));
#2599 = VECTOR('',#2600,1.);
#2600 = DIRECTION('',(-0.724247082951,0.,0.689540544737));
#2601 = ORIENTED_EDGE('',*,*,#2562,.F.);
#2602 = ORIENTED_EDGE('',*,*,#2596,.F.);
#2603 = CONICAL_SURFACE('',#2604,15.656882090306,0.809941856004);
#2604 = AXIS2_PLACEMENT_3D('',#2605,#2606,#2607);
#2605 = CARTESIAN_POINT('',(0.,0.,15.51809774929));
#2606 = DIRECTION('',(-0.,-0.,-1.));
#2607 = DIRECTION('',(1.,0.,-0.));
#2608 = ADVANCED_FACE('',(#2609),#2628,.T.);
#2609 = FACE_BOUND('',#2610,.T.);
#2610 = EDGE_LOOP('',(#2611,#2620,#2626,#2627));
#2611 = ORIENTED_EDGE('',*,*,#2612,.T.);
#2612 = EDGE_CURVE('',#2613,#2613,#2615,.T.);
#2613 = VERTEX_POINT('',#2614);
#2614 = CARTESIAN_POINT('',(15.731213431673,0.,15.453979093275));
#2615 = CIRCLE('',#2616,15.731213431673);
#2616 = AXIS2_PLACEMENT_3D('',#2617,#2618,#2619);
#2617 = CARTESIAN_POINT('',(0.,0.,15.453979093275));
#2618 = DIRECTION('',(0.,0.,1.));
#2619 = DIRECTION('',(1.,0.,-0.));
#2620 = ORIENTED_EDGE('',*,*,#2621,.T.);
#2621 = EDGE_CURVE('',#2613,#2588,#2622,.T.);
#2622 = LINE('',#2623,#2624);
#2623 = CARTESIAN_POINT('',(15.731213431673,0.,15.453979093275));
#2624 = VECTOR('',#2625,1.);
#2625 = DIRECTION('',(-0.757208846506,0.,0.653172842954));
#2626 = ORIENTED_EDGE('',*,*,#2587,.F.);
#2627 = ORIENTED_EDGE('',*,*,#2621,.F.);
#2628 = CONICAL_SURFACE('',#2629,15.731213431673,0.859029241216);
#2629 = AXIS2_PLACEMENT_3D('',#2630,#2631,#2632);
#2630 = CARTESIAN_POINT('',(0.,0.,15.453979093275));
#2631 = DIRECTION('',(-0.,-0.,-1.));
#2632 = DIRECTION('',(1.,0.,-0.));
#2633 = ADVANCED_FACE('',(#2634),#2653,.T.);
#2634 = FACE_BOUND('',#2635,.T.);
#2635 = EDGE_LOOP('',(#2636,#2645,#2651,#2652));
#2636 = ORIENTED_EDGE('',*,*,#2637,.T.);
#2637 = EDGE_CURVE('',#2638,#2638,#2640,.T.);
#2638 = VERTEX_POINT('',#2639);
#2639 = CARTESIAN_POINT('',(15.808601391015,0.,15.393584937039));
#2640 = CIRCLE('',#2641,15.808601391015);
#2641 = AXIS2_PLACEMENT_3D('',#2642,#2643,#2644);
#2642 = CARTESIAN_POINT('',(0.,0.,15.393584937039));
#2643 = DIRECTION('',(0.,0.,1.));
#2644 = DIRECTION('',(1.,0.,-0.));
#2645 = ORIENTED_EDGE('',*,*,#2646,.T.);
#2646 = EDGE_CURVE('',#2638,#2613,#2647,.T.);
#2647 = LINE('',#2648,#2649);
#2648 = CARTESIAN_POINT('',(15.808601391015,0.,15.393584937039));
#2649 = VECTOR('',#2650,1.);
#2650 = DIRECTION('',(-0.788346427627,0.,0.615231590581));
#2651 = ORIENTED_EDGE('',*,*,#2612,.F.);
#2652 = ORIENTED_EDGE('',*,*,#2646,.F.);
#2653 = CONICAL_SURFACE('',#2654,15.808601391015,0.908116626428);
#2654 = AXIS2_PLACEMENT_3D('',#2655,#2656,#2657);
#2655 = CARTESIAN_POINT('',(0.,0.,15.393584937039));
#2656 = DIRECTION('',(-0.,-0.,-1.));
#2657 = DIRECTION('',(1.,0.,-0.));
#2658 = ADVANCED_FACE('',(#2659),#2678,.T.);
#2659 = FACE_BOUND('',#2660,.T.);
#2660 = EDGE_LOOP('',(#2661,#2670,#2676,#2677));
#2661 = ORIENTED_EDGE('',*,*,#2662,.T.);
#2662 = EDGE_CURVE('',#2663,#2663,#2665,.T.);
#2663 = VERTEX_POINT('',#2664);
#2664 = CARTESIAN_POINT('',(15.888859533961,0.,15.337060775395));
#2665 = CIRCLE('',#2666,15.888859533961);
#2666 = AXIS2_PLACEMENT_3D('',#2667,#2668,#2669);
#2667 = CARTESIAN_POINT('',(0.,0.,15.337060775395));
#2668 = DIRECTION('',(0.,0.,1.));
#2669 = DIRECTION('',(1.,0.,-0.));
#2670 = ORIENTED_EDGE('',*,*,#2671,.T.);
#2671 = EDGE_CURVE('',#2663,#2638,#2672,.T.);
#2672 = LINE('',#2673,#2674);
#2673 = CARTESIAN_POINT('',(15.888859533961,0.,15.337060775395));
#2674 = VECTOR('',#2675,1.);
#2675 = DIRECTION('',(-0.817584813152,0.,0.575808191418));
#2676 = ORIENTED_EDGE('',*,*,#2637,.F.);
#2677 = ORIENTED_EDGE('',*,*,#2671,.F.);
#2678 = CONICAL_SURFACE('',#2679,15.888859533961,0.957204011641);
#2679 = AXIS2_PLACEMENT_3D('',#2680,#2681,#2682);
#2680 = CARTESIAN_POINT('',(0.,0.,15.337060775395));
#2681 = DIRECTION('',(-0.,-0.,-1.));
#2682 = DIRECTION('',(1.,0.,-0.));
#2683 = ADVANCED_FACE('',(#2684),#2703,.T.);
#2684 = FACE_BOUND('',#2685,.T.);
#2685 = EDGE_LOOP('',(#2686,#2695,#2701,#2702));
#2686 = ORIENTED_EDGE('',*,*,#2687,.T.);
#2687 = EDGE_CURVE('',#2688,#2688,#2690,.T.);
#2688 = VERTEX_POINT('',#2689);
#2689 = CARTESIAN_POINT('',(15.971794511614,0.,15.284542779999));
#2690 = CIRCLE('',#2691,15.971794511614);
#2691 = AXIS2_PLACEMENT_3D('',#2692,#2693,#2694);
#2692 = CARTESIAN_POINT('',(0.,0.,15.284542779999));
#2693 = DIRECTION('',(0.,0.,1.));
#2694 = DIRECTION('',(1.,0.,-0.));
#2695 = ORIENTED_EDGE('',*,*,#2696,.T.);
#2696 = EDGE_CURVE('',#2688,#2663,#2697,.T.);
#2697 = LINE('',#2698,#2699);
#2698 = CARTESIAN_POINT('',(15.971794511614,0.,15.284542779999));
#2699 = VECTOR('',#2700,1.);
#2700 = DIRECTION('',(-0.84485356525,0.,0.534997619887));
#2701 = ORIENTED_EDGE('',*,*,#2662,.F.);
#2702 = ORIENTED_EDGE('',*,*,#2696,.F.);
#2703 = CONICAL_SURFACE('',#2704,15.971794511614,1.006291396853);
#2704 = AXIS2_PLACEMENT_3D('',#2705,#2706,#2707);
#2705 = CARTESIAN_POINT('',(0.,0.,15.284542779999));
#2706 = DIRECTION('',(-0.,-0.,-1.));
#2707 = DIRECTION('',(1.,0.,-0.));
#2708 = ADVANCED_FACE('',(#2709),#2728,.T.);
#2709 = FACE_BOUND('',#2710,.T.);
#2710 = EDGE_LOOP('',(#2711,#2720,#2726,#2727));
#2711 = ORIENTED_EDGE('',*,*,#2712,.T.);
#2712 = EDGE_CURVE('',#2713,#2713,#2715,.T.);
#2713 = VERTEX_POINT('',#2714);
#2714 = CARTESIAN_POINT('',(16.057206526348,0.,15.236157471303));
#2715 = CIRCLE('',#2716,16.057206526348);
#2716 = AXIS2_PLACEMENT_3D('',#2717,#2718,#2719);
#2717 = CARTESIAN_POINT('',(0.,0.,15.236157471303));
#2718 = DIRECTION('',(0.,0.,1.));
#2719 = DIRECTION('',(1.,0.,-0.));
#2720 = ORIENTED_EDGE('',*,*,#2721,.T.);
#2721 = EDGE_CURVE('',#2713,#2688,#2722,.T.);
#2722 = LINE('',#2723,#2724);
#2723 = CARTESIAN_POINT('',(16.057206526348,0.,15.236157471303));
#2724 = VECTOR('',#2725,1.);
#2725 = DIRECTION('',(-0.870086991109,0.,0.49289819223));
#2726 = ORIENTED_EDGE('',*,*,#2687,.F.);
#2727 = ORIENTED_EDGE('',*,*,#2721,.F.);
#2728 = CONICAL_SURFACE('',#2729,16.057206526348,1.055378782065);
#2729 = AXIS2_PLACEMENT_3D('',#2730,#2731,#2732);
#2730 = CARTESIAN_POINT('',(0.,0.,15.236157471303));
#2731 = DIRECTION('',(-0.,-0.,-1.));
#2732 = DIRECTION('',(1.,0.,-0.));
#2733 = ADVANCED_FACE('',(#2734),#2753,.T.);
#2734 = FACE_BOUND('',#2735,.T.);
#2735 = EDGE_LOOP('',(#2736,#2745,#2751,#2752));
#2736 = ORIENTED_EDGE('',*,*,#2737,.T.);
#2737 = EDGE_CURVE('',#2738,#2738,#2740,.T.);
#2738 = VERTEX_POINT('',#2739);
#2739 = CARTESIAN_POINT('',(16.144889813139,0.,15.192021413753));
#2740 = CIRCLE('',#2741,16.144889813139);
#2741 = AXIS2_PLACEMENT_3D('',#2742,#2743,#2744);
#2742 = CARTESIAN_POINT('',(0.,0.,15.192021413753));
#2743 = DIRECTION('',(0.,0.,1.));
#2744 = DIRECTION('',(1.,0.,-0.));
#2745 = ORIENTED_EDGE('',*,*,#2746,.T.);
#2746 = EDGE_CURVE('',#2738,#2713,#2747,.T.);
#2747 = LINE('',#2748,#2749);
#2748 = CARTESIAN_POINT('',(16.144889813139,0.,15.192021413753));
#2749 = VECTOR('',#2750,1.);
#2750 = DIRECTION('',(-0.893224301196,0.,0.449611329655));
#2751 = ORIENTED_EDGE('',*,*,#2712,.F.);
#2752 = ORIENTED_EDGE('',*,*,#2746,.F.);
#2753 = CONICAL_SURFACE('',#2754,16.144889813139,1.104466167278);
#2754 = AXIS2_PLACEMENT_3D('',#2755,#2756,#2757);
#2755 = CARTESIAN_POINT('',(0.,0.,15.192021413753));
#2756 = DIRECTION('',(-0.,-0.,-1.));
#2757 = DIRECTION('',(1.,0.,-0.));
#2758 = ADVANCED_FACE('',(#2759),#2778,.T.);
#2759 = FACE_BOUND('',#2760,.T.);
#2760 = EDGE_LOOP('',(#2761,#2770,#2776,#2777));
#2761 = ORIENTED_EDGE('',*,*,#2762,.T.);
#2762 = EDGE_CURVE('',#2763,#2763,#2765,.T.);
#2763 = VERTEX_POINT('',#2764);
#2764 = CARTESIAN_POINT('',(16.23463313527,0.,15.152240934977));
#2765 = CIRCLE('',#2766,16.23463313527);
#2766 = AXIS2_PLACEMENT_3D('',#2767,#2768,#2769);
#2767 = CARTESIAN_POINT('',(0.,0.,15.152240934977));
#2768 = DIRECTION('',(0.,0.,1.));
#2769 = DIRECTION('',(1.,0.,-0.));
#2770 = ORIENTED_EDGE('',*,*,#2771,.T.);
#2771 = EDGE_CURVE('',#2763,#2738,#2772,.T.);
#2772 = LINE('',#2773,#2774);
#2773 = CARTESIAN_POINT('',(16.23463313527,0.,15.152240934977));
#2774 = VECTOR('',#2775,1.);
#2775 = DIRECTION('',(-0.914209755704,0.,0.405241314005));
#2776 = ORIENTED_EDGE('',*,*,#2737,.F.);
#2777 = ORIENTED_EDGE('',*,*,#2771,.F.);
#2778 = CONICAL_SURFACE('',#2779,16.23463313527,1.15355355249);
#2779 = AXIS2_PLACEMENT_3D('',#2780,#2781,#2782);
#2780 = CARTESIAN_POINT('',(0.,0.,15.152240934977));
#2781 = DIRECTION('',(-0.,-0.,-1.));
#2782 = DIRECTION('',(1.,0.,-0.));
#2783 = ADVANCED_FACE('',(#2784),#2803,.T.);
#2784 = FACE_BOUND('',#2785,.T.);
#2785 = EDGE_LOOP('',(#2786,#2795,#2801,#2802));
#2786 = ORIENTED_EDGE('',*,*,#2787,.T.);
#2787 = EDGE_CURVE('',#2788,#2788,#2790,.T.);
#2788 = VERTEX_POINT('',#2789);
#2789 = CARTESIAN_POINT('',(16.326220293216,0.,15.116911869634));
#2790 = CIRCLE('',#2791,16.326220293216);
#2791 = AXIS2_PLACEMENT_3D('',#2792,#2793,#2794);
#2792 = CARTESIAN_POINT('',(0.,0.,15.116911869634));
#2793 = DIRECTION('',(0.,0.,1.));
#2794 = DIRECTION('',(1.,0.,-0.));
#2795 = ORIENTED_EDGE('',*,*,#2796,.T.);
#2796 = EDGE_CURVE('',#2788,#2763,#2797,.T.);
#2797 = LINE('',#2798,#2799);
#2798 = CARTESIAN_POINT('',(16.326220293216,0.,15.116911869634));
#2799 = VECTOR('',#2800,1.);
#2800 = DIRECTION('',(-0.932992798835,0.,0.359895036535));
#2801 = ORIENTED_EDGE('',*,*,#2762,.F.);
#2802 = ORIENTED_EDGE('',*,*,#2796,.F.);
#2803 = CONICAL_SURFACE('',#2804,16.326220293216,1.202640937702);
#2804 = AXIS2_PLACEMENT_3D('',#2805,#2806,#2807);
#2805 = CARTESIAN_POINT('',(0.,0.,15.116911869634));
#2806 = DIRECTION('',(-0.,-0.,-1.));
#2807 = DIRECTION('',(1.,0.,-0.));
#2808 = ADVANCED_FACE('',(#2809),#2828,.T.);
#2809 = FACE_BOUND('',#2810,.T.);
#2810 = EDGE_LOOP('',(#2811,#2820,#2826,#2827));
#2811 = ORIENTED_EDGE('',*,*,#2812,.T.);
#2812 = EDGE_CURVE('',#2813,#2813,#2815,.T.);
#2813 = VERTEX_POINT('',#2814);
#2814 = CARTESIAN_POINT('',(16.419430645491,0.,15.086119328536));
#2815 = CIRCLE('',#2816,16.419430645491);
#2816 = AXIS2_PLACEMENT_3D('',#2817,#2818,#2819);
#2817 = CARTESIAN_POINT('',(0.,0.,15.086119328536));
#2818 = DIRECTION('',(0.,0.,1.));
#2819 = DIRECTION('',(1.,0.,-0.));
#2820 = ORIENTED_EDGE('',*,*,#2821,.T.);
#2821 = EDGE_CURVE('',#2813,#2788,#2822,.T.);
#2822 = LINE('',#2823,#2824);
#2823 = CARTESIAN_POINT('',(16.419430645491,0.,15.086119328536));
#2824 = VECTOR('',#2825,1.);
#2825 = DIRECTION('',(-0.949528180593,0.,0.313681740399));
#2826 = ORIENTED_EDGE('',*,*,#2787,.F.);
#2827 = ORIENTED_EDGE('',*,*,#2821,.F.);
#2828 = CONICAL_SURFACE('',#2829,16.419430645491,1.251728322915);
#2829 = AXIS2_PLACEMENT_3D('',#2830,#2831,#2832);
#2830 = CARTESIAN_POINT('',(0.,0.,15.086119328536));
#2831 = DIRECTION('',(-0.,-0.,-1.));
#2832 = DIRECTION('',(1.,0.,-0.));
#2833 = ADVANCED_FACE('',(#2834),#2853,.T.);
#2834 = FACE_BOUND('',#2835,.T.);
#2835 = EDGE_LOOP('',(#2836,#2845,#2851,#2852));
#2836 = ORIENTED_EDGE('',*,*,#2837,.T.);
#2837 = EDGE_CURVE('',#2838,#2838,#2840,.T.);
#2838 = VERTEX_POINT('',#2839);
#2839 = CARTESIAN_POINT('',(16.514039640193,0.,15.059937493611));
#2840 = CIRCLE('',#2841,16.514039640193);
#2841 = AXIS2_PLACEMENT_3D('',#2842,#2843,#2844);
#2842 = CARTESIAN_POINT('',(0.,0.,15.059937493611));
#2843 = DIRECTION('',(0.,0.,1.));
#2844 = DIRECTION('',(1.,0.,-0.));
#2845 = ORIENTED_EDGE('',*,*,#2846,.T.);
#2846 = EDGE_CURVE('',#2838,#2813,#2847,.T.);
#2847 = LINE('',#2848,#2849);
#2848 = CARTESIAN_POINT('',(16.514039640193,0.,15.059937493611));
#2849 = VECTOR('',#2850,1.);
#2850 = DIRECTION('',(-0.963776065795,0.,0.266712757475));
#2851 = ORIENTED_EDGE('',*,*,#2812,.F.);
#2852 = ORIENTED_EDGE('',*,*,#2846,.F.);
#2853 = CONICAL_SURFACE('',#2854,16.514039640193,1.300815708127);
#2854 = AXIS2_PLACEMENT_3D('',#2855,#2856,#2857);
#2855 = CARTESIAN_POINT('',(0.,0.,15.059937493611));
#2856 = DIRECTION('',(-0.,-0.,-1.));
#2857 = DIRECTION('',(1.,0.,-0.));
#2858 = ADVANCED_FACE('',(#2859),#2878,.T.);
#2859 = FACE_BOUND('',#2860,.T.);
#2860 = EDGE_LOOP('',(#2861,#2870,#2876,#2877));
#2861 = ORIENTED_EDGE('',*,*,#2862,.T.);
#2862 = EDGE_CURVE('',#2863,#2863,#2865,.T.);
#2863 = VERTEX_POINT('',#2864);
#2864 = CARTESIAN_POINT('',(16.609819355968,0.,15.038429439194));
#2865 = CIRCLE('',#2866,16.609819355968);
#2866 = AXIS2_PLACEMENT_3D('',#2867,#2868,#2869);
#2867 = CARTESIAN_POINT('',(0.,0.,15.038429439194));
#2868 = DIRECTION('',(0.,0.,1.));
#2869 = DIRECTION('',(1.,0.,-0.));
#2870 = ORIENTED_EDGE('',*,*,#2871,.T.);
#2871 = EDGE_CURVE('',#2863,#2838,#2872,.T.);
#2872 = LINE('',#2873,#2874);
#2873 = CARTESIAN_POINT('',(16.609819355968,0.,15.038429439194));
#2874 = VECTOR('',#2875,1.);
#2875 = DIRECTION('',(-0.975702130039,0.,0.219101240157));
#2876 = ORIENTED_EDGE('',*,*,#2837,.F.);
#2877 = ORIENTED_EDGE('',*,*,#2871,.F.);
#2878 = CONICAL_SURFACE('',#2879,16.609819355968,1.349903093339);
#2879 = AXIS2_PLACEMENT_3D('',#2880,#2881,#2882);
#2880 = CARTESIAN_POINT('',(0.,0.,15.038429439194));
#2881 = DIRECTION('',(-0.,-0.,-1.));
#2882 = DIRECTION('',(1.,0.,-0.));
#2883 = ADVANCED_FACE('',(#2884),#2903,.T.);
#2884 = FACE_BOUND('',#2885,.T.);
#2885 = EDGE_LOOP('',(#2886,#2895,#2901,#2902));
#2886 = ORIENTED_EDGE('',*,*,#2887,.T.);
#2887 = EDGE_CURVE('',#2888,#2888,#2890,.T.);
#2888 = VERTEX_POINT('',#2889);
#2889 = CARTESIAN_POINT('',(16.706539051089,0.,15.02164698007));
#2890 = CIRCLE('',#2891,16.706539051089);
#2891 = AXIS2_PLACEMENT_3D('',#2892,#2893,#2894);
#2892 = CARTESIAN_POINT('',(0.,0.,15.02164698007));
#2893 = DIRECTION('',(0.,0.,1.));
#2894 = DIRECTION('',(1.,0.,-0.));
#2895 = ORIENTED_EDGE('',*,*,#2896,.T.);
#2896 = EDGE_CURVE('',#2888,#2863,#2897,.T.);
#2897 = LINE('',#2898,#2899);
#2898 = CARTESIAN_POINT('',(16.706539051089,0.,15.02164698007));
#2899 = VECTOR('',#2900,1.);
#2900 = DIRECTION('',(-0.985277642389,0.,0.17096188876));
#2901 = ORIENTED_EDGE('',*,*,#2862,.F.);
#2902 = ORIENTED_EDGE('',*,*,#2896,.F.);
#2903 = CONICAL_SURFACE('',#2904,16.706539051089,1.398990478552);
#2904 = AXIS2_PLACEMENT_3D('',#2905,#2906,#2907);
#2905 = CARTESIAN_POINT('',(0.,0.,15.02164698007));
#2906 = DIRECTION('',(-0.,-0.,-1.));
#2907 = DIRECTION('',(1.,0.,-0.));
#2908 = ADVANCED_FACE('',(#2909),#2928,.T.);
#2909 = FACE_BOUND('',#2910,.T.);
#2910 = EDGE_LOOP('',(#2911,#2920,#2926,#2927));
#2911 = ORIENTED_EDGE('',*,*,#2912,.T.);
#2912 = EDGE_CURVE('',#2913,#2913,#2915,.T.);
#2913 = VERTEX_POINT('',#2914);
#2914 = CARTESIAN_POINT('',(16.803965719341,0.,15.009630546656));
#2915 = CIRCLE('',#2916,16.803965719341);
#2916 = AXIS2_PLACEMENT_3D('',#2917,#2918,#2919);
#2917 = CARTESIAN_POINT('',(0.,0.,15.009630546656));
#2918 = DIRECTION('',(0.,0.,1.));
#2919 = DIRECTION('',(1.,0.,-0.));
#2920 = ORIENTED_EDGE('',*,*,#2921,.T.);
#2921 = EDGE_CURVE('',#2913,#2888,#2922,.T.);
#2922 = LINE('',#2923,#2924);
#2923 = CARTESIAN_POINT('',(16.803965719341,0.,15.009630546656));
#2924 = VECTOR('',#2925,1.);
#2925 = DIRECTION('',(-0.992479534599,0.,0.122410675199));
#2926 = ORIENTED_EDGE('',*,*,#2887,.F.);
#2927 = ORIENTED_EDGE('',*,*,#2921,.F.);
#2928 = CONICAL_SURFACE('',#2929,16.803965719341,1.448077863764);
#2929 = AXIS2_PLACEMENT_3D('',#2930,#2931,#2932);
#2930 = CARTESIAN_POINT('',(0.,0.,15.009630546656));
#2931 = DIRECTION('',(-0.,-0.,-1.));
#2932 = DIRECTION('',(1.,0.,-0.));
#2933 = ADVANCED_FACE('',(#2934),#2953,.T.);
#2934 = FACE_BOUND('',#2935,.T.);
#2935 = EDGE_LOOP('',(#2936,#2945,#2951,#2952));
#2936 = ORIENTED_EDGE('',*,*,#2937,.T.);
#2937 = EDGE_CURVE('',#2938,#2938,#2940,.T.);
#2938 = VERTEX_POINT('',#2939);
#2939 = CARTESIAN_POINT('',(16.901864651345,0.,15.00240908759));
#2940 = CIRCLE('',#2941,16.901864651345);
#2941 = AXIS2_PLACEMENT_3D('',#2942,#2943,#2944);
#2942 = CARTESIAN_POINT('',(0.,0.,15.00240908759));
#2943 = DIRECTION('',(0.,0.,1.));
#2944 = DIRECTION('',(1.,0.,-0.));
#2945 = ORIENTED_EDGE('',*,*,#2946,.T.);
#2946 = EDGE_CURVE('',#2938,#2913,#2947,.T.);
#2947 = LINE('',#2948,#2949);
#2948 = CARTESIAN_POINT('',(16.901864651345,0.,15.00240908759));
#2949 = VECTOR('',#2950,1.);
#2950 = DIRECTION('',(-0.997290456679,0.,7.356456359967E-02));
#2951 = ORIENTED_EDGE('',*,*,#2912,.F.);
#2952 = ORIENTED_EDGE('',*,*,#2946,.F.);
#2953 = CONICAL_SURFACE('',#2954,16.901864651345,1.497165248976);
#2954 = AXIS2_PLACEMENT_3D('',#2955,#2956,#2957);
#2955 = CARTESIAN_POINT('',(0.,0.,15.00240908759));
#2956 = DIRECTION('',(-0.,-0.,-1.));
#2957 = DIRECTION('',(1.,0.,-0.));
#2958 = ADVANCED_FACE('',(#2959),#2978,.T.);
#2959 = FACE_BOUND('',#2960,.T.);
#2960 = EDGE_LOOP('',(#2961,#2970,#2976,#2977));
#2961 = ORIENTED_EDGE('',*,*,#2962,.T.);
#2962 = EDGE_CURVE('',#2963,#2963,#2965,.T.);
#2963 = VERTEX_POINT('',#2964);
#2964 = CARTESIAN_POINT('',(17.,0.,15.));
#2965 = CIRCLE('',#2966,17.);
#2966 = AXIS2_PLACEMENT_3D('',#2967,#2968,#2969);
#2967 = CARTESIAN_POINT('',(0.,0.,15.));
#2968 = DIRECTION('',(0.,0.,1.));
#2969 = DIRECTION('',(1.,0.,-0.));
#2970 = ORIENTED_EDGE('',*,*,#2971,.T.);
#2971 = EDGE_CURVE('',#2963,#2938,#2972,.T.);
#2972 = LINE('',#2973,#2974);
#2973 = CARTESIAN_POINT('',(17.,0.,15.));
#2974 = VECTOR('',#2975,1.);
#2975 = DIRECTION('',(-0.999698818696,0.,2.454122852291E-02));
#2976 = ORIENTED_EDGE('',*,*,#2937,.F.);
#2977 = ORIENTED_EDGE('',*,*,#2971,.F.);
#2978 = CONICAL_SURFACE('',#2979,17.,1.546252634189);
#2979 = AXIS2_PLACEMENT_3D('',#2980,#2981,#2982);
#2980 = CARTESIAN_POINT('',(0.,0.,15.));
#2981 = DIRECTION('',(-0.,-0.,-1.));
#2982 = DIRECTION('',(1.,0.,-0.));
#2983 = ADVANCED_FACE('',(#2984,#3020),#3023,.T.);
#2984 = FACE_BOUND('',#2985,.T.);
#2985 = EDGE_LOOP('',(#2986,#2997,#3005,#3014));
#2986 = ORIENTED_EDGE('',*,*,#2987,.T.);
#2987 = EDGE_CURVE('',#2988,#2990,#2992,.T.);
#2988 = VERTEX_POINT('',#2989);
#2989 = CARTESIAN_POINT('',(-21.,-8.077747210702,15.));
#2990 = VERTEX_POINT('',#2991);
#2991 = CARTESIAN_POINT('',(21.,-8.077747210703,15.));
#2992 = CIRCLE('',#2993,22.5);
#2993 = AXIS2_PLACEMENT_3D('',#2994,#2995,#2996);
#2994 = CARTESIAN_POINT('',(0.,0.,15.));
#2995 = DIRECTION('',(0.,0.,1.));
#2996 = DIRECTION('',(1.,0.,-0.));
#2997 = ORIENTED_EDGE('',*,*,#2998,.T.);
#2998 = EDGE_CURVE('',#2990,#2999,#3001,.T.);
#2999 = VERTEX_POINT('',#3000);
#3000 = CARTESIAN_POINT('',(21.,8.077747210703,15.));
#3001 = LINE('',#3002,#3003);
#3002 = CARTESIAN_POINT('',(21.,-30.,15.));
#3003 = VECTOR('',#3004,1.);
#3004 = DIRECTION('',(-0.,1.,0.));
#3005 = ORIENTED_EDGE('',*,*,#3006,.T.);
#3006 = EDGE_CURVE('',#2999,#3007,#3009,.T.);
#3007 = VERTEX_POINT('',#3008);
#3008 = CARTESIAN_POINT('',(-21.,8.077747210702,15.));
#3009 = CIRCLE('',#3010,22.5);
#3010 = AXIS2_PLACEMENT_3D('',#3011,#3012,#3013);
#3011 = CARTESIAN_POINT('',(0.,0.,15.));
#3012 = DIRECTION('',(0.,0.,1.));
#3013 = DIRECTION('',(1.,0.,-0.));
#3014 = ORIENTED_EDGE('',*,*,#3015,.F.);
#3015 = EDGE_CURVE('',#2988,#3007,#3016,.T.);
#3016 = LINE('',#3017,#3018);
#3017 = CARTESIAN_POINT('',(-21.,-30.,15.));
#3018 = VECTOR('',#3019,1.);
#3019 = DIRECTION('',(-0.,1.,0.));
#3020 = FACE_BOUND('',#3021,.T.);
#3021 = EDGE_LOOP('',(#3022));
#3022 = ORIENTED_EDGE('',*,*,#2962,.F.);
#3023 = PLANE('',#3024);
#3024 = AXIS2_PLACEMENT_3D('',#3025,#3026,#3027);
#3025 = CARTESIAN_POINT('',(0.,0.,15.));
#3026 = DIRECTION('',(0.,0.,1.));
#3027 = DIRECTION('',(1.,0.,-0.));
#3028 = ADVANCED_FACE('',(#3029),#3055,.T.);
#3029 = FACE_BOUND('',#3030,.T.);
#3030 = EDGE_LOOP('',(#3031,#3039,#3048,#3054));
#3031 = ORIENTED_EDGE('',*,*,#3032,.F.);
#3032 = EDGE_CURVE('',#3033,#2988,#3035,.T.);
#3033 = VERTEX_POINT('',#3034);
#3034 = CARTESIAN_POINT('',(-21.,-8.077747210702,1.));
#3035 = LINE('',#3036,#3037);
#3036 = CARTESIAN_POINT('',(-21.,-8.077747210702,1.));
#3037 = VECTOR('',#3038,1.);
#3038 = DIRECTION('',(0.,0.,1.));
#3039 = ORIENTED_EDGE('',*,*,#3040,.T.);
#3040 = EDGE_CURVE('',#3033,#3041,#3043,.T.);
#3041 = VERTEX_POINT('',#3042);
#3042 = CARTESIAN_POINT('',(21.,-8.077747210702,1.));
#3043 = CIRCLE('',#3044,22.5);
#3044 = AXIS2_PLACEMENT_3D('',#3045,#3046,#3047);
#3045 = CARTESIAN_POINT('',(0.,0.,1.));
#3046 = DIRECTION('',(0.,0.,1.));
#3047 = DIRECTION('',(1.,0.,-0.));
#3048 = ORIENTED_EDGE('',*,*,#3049,.T.);
#3049 = EDGE_CURVE('',#3041,#2990,#3050,.T.);
#3050 = LINE('',#3051,#3052);
#3051 = CARTESIAN_POINT('',(21.,-8.077747210702,1.));
#3052 = VECTOR('',#3053,1.);
#3053 = DIRECTION('',(0.,0.,1.));
#3054 = ORIENTED_EDGE('',*,*,#2987,.F.);
#3055 = CYLINDRICAL_SURFACE('',#3056,22.5);
#3056 = AXIS2_PLACEMENT_3D('',#3057,#3058,#3059);
#3057 = CARTESIAN_POINT('',(0.,0.,1.));
#3058 = DIRECTION('',(0.,0.,1.));
#3059 = DIRECTION('',(1.,0.,-0.));
#3060 = ADVANCED_FACE('',(#3061),#3097,.F.);
#3061 = FACE_BOUND('',#3062,.F.);
#3062 = EDGE_LOOP('',(#3063,#3064,#3065,#3074,#3082,#3091));
#3063 = ORIENTED_EDGE('',*,*,#3015,.F.);
#3064 = ORIENTED_EDGE('',*,*,#3032,.F.);
#3065 = ORIENTED_EDGE('',*,*,#3066,.F.);
#3066 = EDGE_CURVE('',#3067,#3033,#3069,.T.);
#3067 = VERTEX_POINT('',#3068);
#3068 = CARTESIAN_POINT('',(-21.,-4.609772228646,0.));
#3069 = HYPERBOLA('',#3070,21.,21.);
#3070 = AXIS2_PLACEMENT_3D('',#3071,#3072,#3073);
#3071 = CARTESIAN_POINT('',(-21.,0.,-21.5));
#3072 = DIRECTION('',(1.,0.,-0.));
#3073 = DIRECTION('',(0.,0.,1.));
#3074 = ORIENTED_EDGE('',*,*,#3075,.F.);
#3075 = EDGE_CURVE('',#3076,#3067,#3078,.T.);
#3076 = VERTEX_POINT('',#3077);
#3077 = CARTESIAN_POINT('',(-21.,4.609772228646,0.));
#3078 = LINE('',#3079,#3080);
#3079 = CARTESIAN_POINT('',(-21.,-15.,0.));
#3080 = VECTOR('',#3081,1.);
#3081 = DIRECTION('',(0.,-1.,0.));
#3082 = ORIENTED_EDGE('',*,*,#3083,.F.);
#3083 = EDGE_CURVE('',#3084,#3076,#3086,.T.);
#3084 = VERTEX_POINT('',#3085);
#3085 = CARTESIAN_POINT('',(-21.,8.077747210702,1.));
#3086 = HYPERBOLA('',#3087,21.,21.);
#3087 = AXIS2_PLACEMENT_3D('',#3088,#3089,#3090);
#3088 = CARTESIAN_POINT('',(-21.,0.,-21.5));
#3089 = DIRECTION('',(1.,0.,-0.));
#3090 = DIRECTION('',(0.,0.,1.));
#3091 = ORIENTED_EDGE('',*,*,#3092,.T.);
#3092 = EDGE_CURVE('',#3084,#3007,#3093,.T.);
#3093 = LINE('',#3094,#3095);
#3094 = CARTESIAN_POINT('',(-21.,8.077747210702,1.));
#3095 = VECTOR('',#3096,1.);
#3096 = DIRECTION('',(0.,0.,1.));
#3097 = PLANE('',#3098);
#3098 = AXIS2_PLACEMENT_3D('',#3099,#3100,#3101);
#3099 = CARTESIAN_POINT('',(-21.,-30.,-2.));
#3100 = DIRECTION('',(1.,0.,-0.));
#3101 = DIRECTION('',(0.,0.,1.));
#3102 = ADVANCED_FACE('',(#3103),#3122,.T.);
#3103 = FACE_BOUND('',#3104,.T.);
#3104 = EDGE_LOOP('',(#3105,#3113,#3120,#3121));
#3105 = ORIENTED_EDGE('',*,*,#3106,.F.);
#3106 = EDGE_CURVE('',#3107,#2999,#3109,.T.);
#3107 = VERTEX_POINT('',#3108);
#3108 = CARTESIAN_POINT('',(21.,8.077747210702,1.));
#3109 = LINE('',#3110,#3111);
#3110 = CARTESIAN_POINT('',(21.,8.077747210702,1.));
#3111 = VECTOR('',#3112,1.);
#3112 = DIRECTION('',(0.,0.,1.));
#3113 = ORIENTED_EDGE('',*,*,#3114,.T.);
#3114 = EDGE_CURVE('',#3107,#3084,#3115,.T.);
#3115 = CIRCLE('',#3116,22.5);
#3116 = AXIS2_PLACEMENT_3D('',#3117,#3118,#3119);
#3117 = CARTESIAN_POINT('',(0.,0.,1.));
#3118 = DIRECTION('',(0.,0.,1.));
#3119 = DIRECTION('',(1.,0.,-0.));
#3120 = ORIENTED_EDGE('',*,*,#3092,.T.);
#3121 = ORIENTED_EDGE('',*,*,#3006,.F.);
#3122 = CYLINDRICAL_SURFACE('',#3123,22.5);
#3123 = AXIS2_PLACEMENT_3D('',#3124,#3125,#3126);
#3124 = CARTESIAN_POINT('',(0.,0.,1.));
#3125 = DIRECTION('',(0.,0.,1.));
#3126 = DIRECTION('',(1.,0.,-0.));
#3127 = ADVANCED_FACE('',(#3128),#3157,.T.);
#3128 = FACE_BOUND('',#3129,.T.);
#3129 = EDGE_LOOP('',(#3130,#3131,#3132,#3141,#3149,#3156));
#3130 = ORIENTED_EDGE('',*,*,#2998,.F.);
#3131 = ORIENTED_EDGE('',*,*,#3049,.F.);
#3132 = ORIENTED_EDGE('',*,*,#3133,.F.);
#3133 = EDGE_CURVE('',#3134,#3041,#3136,.T.);
#3134 = VERTEX_POINT('',#3135);
#3135 = CARTESIAN_POINT('',(21.,-4.609772228646,0.));
#3136 = HYPERBOLA('',#3137,21.,21.);
#3137 = AXIS2_PLACEMENT_3D('',#3138,#3139,#3140);
#3138 = CARTESIAN_POINT('',(21.,0.,-21.5));
#3139 = DIRECTION('',(1.,0.,-0.));
#3140 = DIRECTION('',(0.,0.,1.));
#3141 = ORIENTED_EDGE('',*,*,#3142,.F.);
#3142 = EDGE_CURVE('',#3143,#3134,#3145,.T.);
#3143 = VERTEX_POINT('',#3144);
#3144 = CARTESIAN_POINT('',(21.,4.609772228646,0.));
#3145 = LINE('',#3146,#3147);
#3146 = CARTESIAN_POINT('',(21.,-15.,0.));
#3147 = VECTOR('',#3148,1.);
#3148 = DIRECTION('',(0.,-1.,0.));
#3149 = ORIENTED_EDGE('',*,*,#3150,.F.);
#3150 = EDGE_CURVE('',#3107,#3143,#3151,.T.);
#3151 = HYPERBOLA('',#3152,21.,21.);
#3152 = AXIS2_PLACEMENT_3D('',#3153,#3154,#3155);
#3153 = CARTESIAN_POINT('',(21.,0.,-21.5));
#3154 = DIRECTION('',(1.,0.,-0.));
#3155 = DIRECTION('',(0.,0.,1.));
#3156 = ORIENTED_EDGE('',*,*,#3106,.T.);
#3157 = PLANE('',#3158);
#3158 = AXIS2_PLACEMENT_3D('',#3159,#3160,#3161);
#3159 = CARTESIAN_POINT('',(21.,-30.,-2.));
#3160 = DIRECTION('',(1.,0.,-0.));
#3161 = DIRECTION('',(0.,0.,1.));
#3162 = ADVANCED_FACE('',(#3163),#3175,.T.);
#3163 = FACE_BOUND('',#3164,.T.);
#3164 = EDGE_LOOP('',(#3165,#3166,#3167,#3174));
#3165 = ORIENTED_EDGE('',*,*,#3040,.F.);
#3166 = ORIENTED_EDGE('',*,*,#3066,.F.);
#3167 = ORIENTED_EDGE('',*,*,#3168,.T.);
#3168 = EDGE_CURVE('',#3067,#3134,#3169,.T.);
#3169 = CIRCLE('',#3170,21.5);
#3170 = AXIS2_PLACEMENT_3D('',#3171,#3172,#3173);
#3171 = CARTESIAN_POINT('',(0.,0.,0.));
#3172 = DIRECTION('',(0.,0.,1.));
#3173 = DIRECTION('',(1.,0.,-0.));
#3174 = ORIENTED_EDGE('',*,*,#3133,.T.);
#3175 = CONICAL_SURFACE('',#3176,21.5,0.785398163397);
#3176 = AXIS2_PLACEMENT_3D('',#3177,#3178,#3179);
#3177 = CARTESIAN_POINT('',(0.,0.,0.));
#3178 = DIRECTION('',(0.,0.,1.));
#3179 = DIRECTION('',(1.,0.,-0.));
#3180 = ADVANCED_FACE('',(#3181),#3193,.T.);
#3181 = FACE_BOUND('',#3182,.T.);
#3182 = EDGE_LOOP('',(#3183,#3184,#3185,#3192));
#3183 = ORIENTED_EDGE('',*,*,#3114,.F.);
#3184 = ORIENTED_EDGE('',*,*,#3150,.T.);
#3185 = ORIENTED_EDGE('',*,*,#3186,.T.);
#3186 = EDGE_CURVE('',#3143,#3076,#3187,.T.);
#3187 = CIRCLE('',#3188,21.5);
#3188 = AXIS2_PLACEMENT_3D('',#3189,#3190,#3191);
#3189 = CARTESIAN_POINT('',(0.,0.,0.));
#3190 = DIRECTION('',(0.,0.,1.));
#3191 = DIRECTION('',(1.,0.,-0.));
#3192 = ORIENTED_EDGE('',*,*,#3083,.F.);
#3193 = CONICAL_SURFACE('',#3194,21.5,0.785398163397);
#3194 = AXIS2_PLACEMENT_3D('',#3195,#3196,#3197);
#3195 = CARTESIAN_POINT('',(0.,0.,0.));
#3196 = DIRECTION('',(0.,0.,1.));
#3197 = DIRECTION('',(1.,0.,-0.));
#3198 = ADVANCED_FACE('',(#3199),#3205,.F.);
#3199 = FACE_BOUND('',#3200,.T.);
#3200 = EDGE_LOOP('',(#3201,#3202,#3203,#3204));
#3201 = ORIENTED_EDGE('',*,*,#3186,.F.);
#3202 = ORIENTED_EDGE('',*,*,#3142,.T.);
#3203 = ORIENTED_EDGE('',*,*,#3168,.F.);
#3204 = ORIENTED_EDGE('',*,*,#3075,.F.);
#3205 = PLANE('',#3206);
#3206 = AXIS2_PLACEMENT_3D('',#3207,#3208,#3209);
#3207 = CARTESIAN_POINT('',(0.,0.,0.));
#3208 = DIRECTION('',(0.,0.,1.));
#3209 = DIRECTION('',(1.,0.,-0.));
#3210 = ( GEOMETRIC_REPRESENTATION_CONTEXT(3) 
GLOBAL_UNCERTAINTY_ASSIGNED_CONTEXT((#3214)) 
GLOBAL_UNIT_ASSIGNED_CONTEXT((#3211,#3212,#3213)) REPRESENTATION_CONTEXT
('Context #1','3D Context with UNIT and UNCERTAINTY') );
#3211 = ( LENGTH_UNIT() NAMED_UNIT(*) SI_UNIT(.MILLI.,.METRE.) );
#3212 = ( NAMED_UNIT(*) PLANE_ANGLE_UNIT() SI_UNIT($,.RADIAN.) );
#3213 = ( NAMED_UNIT(*) SI_UNIT($,.STERADIAN.) SOLID_ANGLE_UNIT() );
#3214 = UNCERTAINTY_MEASURE_WITH_UNIT(LENGTH_MEASURE(2.E-07),#3211,
  'distance_accuracy_value','confusion accuracy');
#3215 = PRODUCT_RELATED_PRODUCT_CATEGORY('part',$,(#7));
ENDSEC;
END-ISO-10303-21;
